{
    "levelid":307,
    "width":9,
    "height":9,
    "targetCountTotal":144,
    "chips":[
 {"chip":{"x":10,"y":16,"z":1,"id":1}},
 {"chip":{"x":12,"y":11,"z":1,"id":1}},
 {"chip":{"x":12,"y":15,"z":1,"id":1}},
 {"chip":{"x":14,"y":15,"z":1,"id":1}},
 {"chip":{"x":16,"y":11,"z":1,"id":1}},
 {"chip":{"x":16,"y":13,"z":1,"id":1}},
 {"chip":{"x":16,"y":15,"z":1,"id":1}},
 {"chip":{"x":10,"y":16,"z":2,"id":1}},
 {"chip":{"x":12,"y":11,"z":2,"id":1}},
 {"chip":{"x":12,"y":15,"z":2,"id":1}},
 {"chip":{"x":14,"y":15,"z":2,"id":1}},
 {"chip":{"x":16,"y":11,"z":2,"id":1}},
 {"chip":{"x":16,"y":13,"z":2,"id":1}},
 {"chip":{"x":16,"y":15,"z":2,"id":1}},
 {"chip":{"x":10,"y":16,"z":3,"id":1}},
 {"chip":{"x":12,"y":11,"z":3,"id":1}},
 {"chip":{"x":12,"y":15,"z":3,"id":1}},
 {"chip":{"x":14,"y":15,"z":3,"id":1}},
 {"chip":{"x":16,"y":11,"z":3,"id":1}},
 {"chip":{"x":16,"y":13,"z":3,"id":1}},
 {"chip":{"x":16,"y":15,"z":3,"id":1}},
 {"chip":{"x":10,"y":16,"z":4,"id":1}},
 {"chip":{"x":12,"y":11,"z":4,"id":1}},
 {"chip":{"x":12,"y":15,"z":4,"id":1}},
 {"chip":{"x":14,"y":15,"z":4,"id":1}},
 {"chip":{"x":16,"y":11,"z":4,"id":1}},
 {"chip":{"x":16,"y":13,"z":4,"id":1}},
 {"chip":{"x":16,"y":15,"z":4,"id":1}},
 {"chip":{"x":2,"y":11,"z":1,"id":1}},
 {"chip":{"x":2,"y":13,"z":1,"id":1}},
 {"chip":{"x":2,"y":15,"z":1,"id":1}},
 {"chip":{"x":4,"y":15,"z":1,"id":1}},
 {"chip":{"x":6,"y":11,"z":1,"id":1}},
 {"chip":{"x":6,"y":15,"z":1,"id":1}},
 {"chip":{"x":8,"y":16,"z":1,"id":1}},
 {"chip":{"x":10,"y":2,"z":1,"id":1}},
 {"chip":{"x":10,"y":9,"z":1,"id":1}},
 {"chip":{"x":12,"y":3,"z":1,"id":1}},
 {"chip":{"x":12,"y":7,"z":1,"id":1}},
 {"chip":{"x":12,"y":9,"z":1,"id":1}},
 {"chip":{"x":14,"y":3,"z":1,"id":1}},
 {"chip":{"x":14,"y":9,"z":1,"id":1}},
 {"chip":{"x":16,"y":3,"z":1,"id":1}},
 {"chip":{"x":16,"y":5,"z":1,"id":1}},
 {"chip":{"x":16,"y":7,"z":1,"id":1}},
 {"chip":{"x":16,"y":9,"z":1,"id":1}},
 {"chip":{"x":2,"y":11,"z":2,"id":1}},
 {"chip":{"x":2,"y":13,"z":2,"id":1}},
 {"chip":{"x":2,"y":15,"z":2,"id":1}},
 {"chip":{"x":4,"y":15,"z":2,"id":1}},
 {"chip":{"x":6,"y":11,"z":2,"id":1}},
 {"chip":{"x":6,"y":15,"z":2,"id":1}},
 {"chip":{"x":8,"y":16,"z":2,"id":1}},
 {"chip":{"x":10,"y":2,"z":2,"id":1}},
 {"chip":{"x":10,"y":9,"z":2,"id":1}},
 {"chip":{"x":12,"y":3,"z":2,"id":1}},
 {"chip":{"x":12,"y":7,"z":2,"id":1}},
 {"chip":{"x":12,"y":9,"z":2,"id":1}},
 {"chip":{"x":14,"y":3,"z":2,"id":1}},
 {"chip":{"x":14,"y":9,"z":2,"id":1}},
 {"chip":{"x":16,"y":3,"z":2,"id":1}},
 {"chip":{"x":16,"y":5,"z":2,"id":1}},
 {"chip":{"x":16,"y":7,"z":2,"id":1}},
 {"chip":{"x":16,"y":9,"z":2,"id":1}},
 {"chip":{"x":2,"y":11,"z":3,"id":1}},
 {"chip":{"x":2,"y":13,"z":3,"id":1}},
 {"chip":{"x":2,"y":15,"z":3,"id":1}},
 {"chip":{"x":4,"y":15,"z":3,"id":1}},
 {"chip":{"x":6,"y":11,"z":3,"id":1}},
 {"chip":{"x":6,"y":15,"z":3,"id":1}},
 {"chip":{"x":8,"y":16,"z":3,"id":1}},
 {"chip":{"x":10,"y":2,"z":3,"id":1}},
 {"chip":{"x":10,"y":9,"z":3,"id":1}},
 {"chip":{"x":12,"y":3,"z":3,"id":1}},
 {"chip":{"x":12,"y":7,"z":3,"id":1}},
 {"chip":{"x":12,"y":9,"z":3,"id":1}},
 {"chip":{"x":14,"y":3,"z":3,"id":1}},
 {"chip":{"x":14,"y":9,"z":3,"id":1}},
 {"chip":{"x":16,"y":3,"z":3,"id":1}},
 {"chip":{"x":16,"y":5,"z":3,"id":1}},
 {"chip":{"x":16,"y":7,"z":3,"id":1}},
 {"chip":{"x":16,"y":9,"z":3,"id":1}},
 {"chip":{"x":2,"y":11,"z":4,"id":1}},
 {"chip":{"x":2,"y":13,"z":4,"id":1}},
 {"chip":{"x":2,"y":15,"z":4,"id":1}},
 {"chip":{"x":4,"y":15,"z":4,"id":1}},
 {"chip":{"x":6,"y":11,"z":4,"id":1}},
 {"chip":{"x":6,"y":15,"z":4,"id":1}},
 {"chip":{"x":8,"y":16,"z":4,"id":1}},
 {"chip":{"x":10,"y":2,"z":4,"id":1}},
 {"chip":{"x":10,"y":9,"z":4,"id":1}},
 {"chip":{"x":12,"y":3,"z":4,"id":1}},
 {"chip":{"x":12,"y":7,"z":4,"id":1}},
 {"chip":{"x":12,"y":9,"z":4,"id":1}},
 {"chip":{"x":14,"y":3,"z":4,"id":1}},
 {"chip":{"x":14,"y":9,"z":4,"id":1}},
 {"chip":{"x":16,"y":3,"z":4,"id":1}},
 {"chip":{"x":16,"y":5,"z":4,"id":1}},
 {"chip":{"x":16,"y":7,"z":4,"id":1}},
 {"chip":{"x":16,"y":9,"z":4,"id":1}},
 {"chip":{"x":2,"y":3,"z":1,"id":1}},
 {"chip":{"x":2,"y":5,"z":1,"id":1}},
 {"chip":{"x":2,"y":7,"z":1,"id":1}},
 {"chip":{"x":2,"y":9,"z":1,"id":1}},
 {"chip":{"x":4,"y":3,"z":1,"id":1}},
 {"chip":{"x":4,"y":9,"z":1,"id":1}},
 {"chip":{"x":6,"y":3,"z":1,"id":1}},
 {"chip":{"x":6,"y":7,"z":1,"id":1}},
 {"chip":{"x":6,"y":9,"z":1,"id":1}},
 {"chip":{"x":8,"y":2,"z":1,"id":1}},
 {"chip":{"x":8,"y":9,"z":1,"id":1}},
 {"chip":{"x":2,"y":3,"z":2,"id":1}},
 {"chip":{"x":2,"y":5,"z":2,"id":1}},
 {"chip":{"x":2,"y":7,"z":2,"id":1}},
 {"chip":{"x":2,"y":9,"z":2,"id":1}},
 {"chip":{"x":4,"y":3,"z":2,"id":1}},
 {"chip":{"x":4,"y":9,"z":2,"id":1}},
 {"chip":{"x":6,"y":3,"z":2,"id":1}},
 {"chip":{"x":6,"y":7,"z":2,"id":1}},
 {"chip":{"x":6,"y":9,"z":2,"id":1}},
 {"chip":{"x":8,"y":2,"z":2,"id":1}},
 {"chip":{"x":8,"y":9,"z":2,"id":1}},
 {"chip":{"x":2,"y":3,"z":3,"id":1}},
 {"chip":{"x":2,"y":5,"z":3,"id":1}},
 {"chip":{"x":2,"y":7,"z":3,"id":1}},
 {"chip":{"x":2,"y":9,"z":3,"id":1}},
 {"chip":{"x":4,"y":3,"z":3,"id":1}},
 {"chip":{"x":4,"y":9,"z":3,"id":1}},
 {"chip":{"x":6,"y":3,"z":3,"id":1}},
 {"chip":{"x":6,"y":7,"z":3,"id":1}},
 {"chip":{"x":6,"y":9,"z":3,"id":1}},
 {"chip":{"x":8,"y":2,"z":3,"id":1}},
 {"chip":{"x":8,"y":9,"z":3,"id":1}},
 {"chip":{"x":2,"y":3,"z":4,"id":1}},
 {"chip":{"x":2,"y":5,"z":4,"id":1}},
 {"chip":{"x":2,"y":7,"z":4,"id":1}},
 {"chip":{"x":2,"y":9,"z":4,"id":1}},
 {"chip":{"x":4,"y":3,"z":4,"id":1}},
 {"chip":{"x":4,"y":9,"z":4,"id":1}},
 {"chip":{"x":6,"y":3,"z":4,"id":1}},
 {"chip":{"x":6,"y":7,"z":4,"id":1}},
 {"chip":{"x":6,"y":9,"z":4,"id":1}},
 {"chip":{"x":8,"y":2,"z":4,"id":1}},
 {"chip":{"x":8,"y":9,"z":4,"id":1}}
    ]
}
