{
    "levelid":164,
    "width":9,
    "height":9,
    "targetCountTotal":144,
    "chips":[
 {"chip":{"x":11,"y":10,"z":1,"id":1}},
 {"chip":{"x":11,"y":12,"z":1,"id":1}},
 {"chip":{"x":11,"y":14,"z":1,"id":1}},
 {"chip":{"x":11,"y":16,"z":1,"id":1}},
 {"chip":{"x":13,"y":10,"z":1,"id":1}},
 {"chip":{"x":13,"y":12,"z":1,"id":1}},
 {"chip":{"x":13,"y":15,"z":1,"id":1}},
 {"chip":{"x":13,"y":17,"z":1,"id":1}},
 {"chip":{"x":15,"y":10,"z":1,"id":1}},
 {"chip":{"x":15,"y":12,"z":1,"id":1}},
 {"chip":{"x":15,"y":15,"z":1,"id":1}},
 {"chip":{"x":15,"y":17,"z":1,"id":1}},
 {"chip":{"x":17,"y":10,"z":1,"id":1}},
 {"chip":{"x":17,"y":12,"z":1,"id":1}},
 {"chip":{"x":11,"y":10,"z":2,"id":1}},
 {"chip":{"x":11,"y":12,"z":2,"id":1}},
 {"chip":{"x":11,"y":14,"z":2,"id":1}},
 {"chip":{"x":11,"y":16,"z":2,"id":1}},
 {"chip":{"x":13,"y":10,"z":2,"id":1}},
 {"chip":{"x":13,"y":12,"z":2,"id":1}},
 {"chip":{"x":13,"y":15,"z":2,"id":1}},
 {"chip":{"x":13,"y":17,"z":2,"id":1}},
 {"chip":{"x":15,"y":10,"z":2,"id":1}},
 {"chip":{"x":15,"y":12,"z":2,"id":1}},
 {"chip":{"x":15,"y":15,"z":2,"id":1}},
 {"chip":{"x":15,"y":17,"z":2,"id":1}},
 {"chip":{"x":17,"y":10,"z":2,"id":1}},
 {"chip":{"x":17,"y":12,"z":2,"id":1}},
 {"chip":{"x":12,"y":11,"z":3,"id":1}},
 {"chip":{"x":14,"y":11,"z":3,"id":1}},
 {"chip":{"x":16,"y":11,"z":3,"id":1}},
 {"chip":{"x":11,"y":6,"z":2,"id":1}},
 {"chip":{"x":1,"y":10,"z":1,"id":1}},
 {"chip":{"x":1,"y":12,"z":1,"id":1}},
 {"chip":{"x":3,"y":10,"z":1,"id":1}},
 {"chip":{"x":3,"y":12,"z":1,"id":1}},
 {"chip":{"x":3,"y":15,"z":1,"id":1}},
 {"chip":{"x":3,"y":17,"z":1,"id":1}},
 {"chip":{"x":5,"y":10,"z":1,"id":1}},
 {"chip":{"x":5,"y":12,"z":1,"id":1}},
 {"chip":{"x":5,"y":15,"z":1,"id":1}},
 {"chip":{"x":5,"y":17,"z":1,"id":1}},
 {"chip":{"x":7,"y":10,"z":1,"id":1}},
 {"chip":{"x":7,"y":12,"z":1,"id":1}},
 {"chip":{"x":7,"y":14,"z":1,"id":1}},
 {"chip":{"x":7,"y":16,"z":1,"id":1}},
 {"chip":{"x":9,"y":14,"z":1,"id":1}},
 {"chip":{"x":11,"y":1,"z":1,"id":1}},
 {"chip":{"x":11,"y":4,"z":1,"id":1}},
 {"chip":{"x":11,"y":6,"z":1,"id":1}},
 {"chip":{"x":11,"y":8,"z":1,"id":1}},
 {"chip":{"x":13,"y":4,"z":1,"id":1}},
 {"chip":{"x":13,"y":6,"z":1,"id":1}},
 {"chip":{"x":13,"y":8,"z":1,"id":1}},
 {"chip":{"x":15,"y":2,"z":1,"id":1}},
 {"chip":{"x":15,"y":4,"z":1,"id":1}},
 {"chip":{"x":15,"y":6,"z":1,"id":1}},
 {"chip":{"x":15,"y":8,"z":1,"id":1}},
 {"chip":{"x":17,"y":2,"z":1,"id":1}},
 {"chip":{"x":17,"y":4,"z":1,"id":1}},
 {"chip":{"x":17,"y":6,"z":1,"id":1}},
 {"chip":{"x":17,"y":8,"z":1,"id":1}},
 {"chip":{"x":1,"y":10,"z":2,"id":1}},
 {"chip":{"x":1,"y":12,"z":2,"id":1}},
 {"chip":{"x":3,"y":10,"z":2,"id":1}},
 {"chip":{"x":3,"y":12,"z":2,"id":1}},
 {"chip":{"x":3,"y":15,"z":2,"id":1}},
 {"chip":{"x":3,"y":17,"z":2,"id":1}},
 {"chip":{"x":5,"y":10,"z":2,"id":1}},
 {"chip":{"x":5,"y":12,"z":2,"id":1}},
 {"chip":{"x":5,"y":15,"z":2,"id":1}},
 {"chip":{"x":5,"y":17,"z":2,"id":1}},
 {"chip":{"x":7,"y":10,"z":2,"id":1}},
 {"chip":{"x":7,"y":12,"z":2,"id":1}},
 {"chip":{"x":7,"y":14,"z":2,"id":1}},
 {"chip":{"x":7,"y":16,"z":2,"id":1}},
 {"chip":{"x":9,"y":14,"z":2,"id":1}},
 {"chip":{"x":11,"y":1,"z":2,"id":1}},
 {"chip":{"x":11,"y":4,"z":2,"id":1}},
 {"chip":{"x":11,"y":8,"z":2,"id":1}},
 {"chip":{"x":13,"y":4,"z":2,"id":1}},
 {"chip":{"x":13,"y":6,"z":2,"id":1}},
 {"chip":{"x":13,"y":8,"z":2,"id":1}},
 {"chip":{"x":15,"y":2,"z":2,"id":1}},
 {"chip":{"x":15,"y":4,"z":2,"id":1}},
 {"chip":{"x":15,"y":6,"z":2,"id":1}},
 {"chip":{"x":15,"y":8,"z":2,"id":1}},
 {"chip":{"x":17,"y":4,"z":2,"id":1}},
 {"chip":{"x":17,"y":6,"z":2,"id":1}},
 {"chip":{"x":17,"y":8,"z":2,"id":1}},
 {"chip":{"x":2,"y":11,"z":3,"id":1}},
 {"chip":{"x":4,"y":11,"z":3,"id":1}},
 {"chip":{"x":6,"y":11,"z":3,"id":1}},
 {"chip":{"x":12,"y":5,"z":3,"id":1}},
 {"chip":{"x":12,"y":7,"z":3,"id":1}},
 {"chip":{"x":12,"y":9,"z":3,"id":1}},
 {"chip":{"x":14,"y":5,"z":3,"id":1}},
 {"chip":{"x":14,"y":7,"z":3,"id":1}},
 {"chip":{"x":14,"y":9,"z":3,"id":1}},
 {"chip":{"x":16,"y":5,"z":3,"id":1}},
 {"chip":{"x":16,"y":7,"z":3,"id":1}},
 {"chip":{"x":16,"y":9,"z":3,"id":1}},
 {"chip":{"x":7,"y":6,"z":2,"id":1}},
 {"chip":{"x":1,"y":2,"z":1,"id":1}},
 {"chip":{"x":1,"y":4,"z":1,"id":1}},
 {"chip":{"x":1,"y":6,"z":1,"id":1}},
 {"chip":{"x":1,"y":8,"z":1,"id":1}},
 {"chip":{"x":3,"y":2,"z":1,"id":1}},
 {"chip":{"x":3,"y":4,"z":1,"id":1}},
 {"chip":{"x":3,"y":6,"z":1,"id":1}},
 {"chip":{"x":3,"y":8,"z":1,"id":1}},
 {"chip":{"x":5,"y":4,"z":1,"id":1}},
 {"chip":{"x":5,"y":6,"z":1,"id":1}},
 {"chip":{"x":5,"y":8,"z":1,"id":1}},
 {"chip":{"x":7,"y":1,"z":1,"id":1}},
 {"chip":{"x":7,"y":4,"z":1,"id":1}},
 {"chip":{"x":7,"y":6,"z":1,"id":1}},
 {"chip":{"x":7,"y":8,"z":1,"id":1}},
 {"chip":{"x":9,"y":2,"z":1,"id":1}},
 {"chip":{"x":9,"y":4,"z":1,"id":1}},
 {"chip":{"x":1,"y":4,"z":2,"id":1}},
 {"chip":{"x":1,"y":6,"z":2,"id":1}},
 {"chip":{"x":1,"y":8,"z":2,"id":1}},
 {"chip":{"x":3,"y":2,"z":2,"id":1}},
 {"chip":{"x":3,"y":4,"z":2,"id":1}},
 {"chip":{"x":3,"y":6,"z":2,"id":1}},
 {"chip":{"x":3,"y":8,"z":2,"id":1}},
 {"chip":{"x":5,"y":4,"z":2,"id":1}},
 {"chip":{"x":5,"y":6,"z":2,"id":1}},
 {"chip":{"x":5,"y":8,"z":2,"id":1}},
 {"chip":{"x":7,"y":1,"z":2,"id":1}},
 {"chip":{"x":7,"y":4,"z":2,"id":1}},
 {"chip":{"x":7,"y":8,"z":2,"id":1}},
 {"chip":{"x":9,"y":2,"z":2,"id":1}},
 {"chip":{"x":9,"y":4,"z":2,"id":1}},
 {"chip":{"x":2,"y":5,"z":3,"id":1}},
 {"chip":{"x":2,"y":7,"z":3,"id":1}},
 {"chip":{"x":2,"y":9,"z":3,"id":1}},
 {"chip":{"x":4,"y":5,"z":3,"id":1}},
 {"chip":{"x":4,"y":7,"z":3,"id":1}},
 {"chip":{"x":4,"y":9,"z":3,"id":1}},
 {"chip":{"x":6,"y":5,"z":3,"id":1}},
 {"chip":{"x":6,"y":7,"z":3,"id":1}},
 {"chip":{"x":6,"y":9,"z":3,"id":1}}
    ]
}
