{
    "levelid":268,
    "width":9,
    "height":9,
    "targetCountTotal":144,
    "chips":[
 {"chip":{"x":12,"y":13,"z":1,"id":1}},
 {"chip":{"x":14,"y":13,"z":1,"id":1}},
 {"chip":{"x":10,"y":16,"z":1,"id":1}},
 {"chip":{"x":11,"y":11,"z":1,"id":1}},
 {"chip":{"x":12,"y":15,"z":1,"id":1}},
 {"chip":{"x":15,"y":11,"z":1,"id":1}},
 {"chip":{"x":16,"y":13,"z":1,"id":1}},
 {"chip":{"x":10,"y":16,"z":2,"id":1}},
 {"chip":{"x":11,"y":11,"z":2,"id":1}},
 {"chip":{"x":12,"y":13,"z":2,"id":1}},
 {"chip":{"x":12,"y":15,"z":2,"id":1}},
 {"chip":{"x":14,"y":13,"z":2,"id":1}},
 {"chip":{"x":15,"y":11,"z":2,"id":1}},
 {"chip":{"x":16,"y":13,"z":2,"id":1}},
 {"chip":{"x":10,"y":16,"z":3,"id":1}},
 {"chip":{"x":11,"y":11,"z":3,"id":1}},
 {"chip":{"x":12,"y":13,"z":3,"id":1}},
 {"chip":{"x":12,"y":15,"z":3,"id":1}},
 {"chip":{"x":14,"y":13,"z":3,"id":1}},
 {"chip":{"x":15,"y":11,"z":3,"id":1}},
 {"chip":{"x":16,"y":13,"z":3,"id":1}},
 {"chip":{"x":10,"y":16,"z":4,"id":1}},
 {"chip":{"x":11,"y":11,"z":4,"id":1}},
 {"chip":{"x":12,"y":13,"z":4,"id":1}},
 {"chip":{"x":12,"y":15,"z":4,"id":1}},
 {"chip":{"x":14,"y":13,"z":4,"id":1}},
 {"chip":{"x":15,"y":11,"z":4,"id":1}},
 {"chip":{"x":16,"y":13,"z":4,"id":1}},
 {"chip":{"x":4,"y":13,"z":1,"id":1}},
 {"chip":{"x":6,"y":13,"z":1,"id":1}},
 {"chip":{"x":2,"y":13,"z":1,"id":1}},
 {"chip":{"x":3,"y":11,"z":1,"id":1}},
 {"chip":{"x":6,"y":15,"z":1,"id":1}},
 {"chip":{"x":7,"y":11,"z":1,"id":1}},
 {"chip":{"x":8,"y":16,"z":1,"id":1}},
 {"chip":{"x":9,"y":10,"z":1,"id":1}},
 {"chip":{"x":10,"y":2,"z":1,"id":1}},
 {"chip":{"x":11,"y":7,"z":1,"id":1}},
 {"chip":{"x":11,"y":9,"z":1,"id":1}},
 {"chip":{"x":12,"y":3,"z":1,"id":1}},
 {"chip":{"x":12,"y":5,"z":1,"id":1}},
 {"chip":{"x":13,"y":9,"z":1,"id":1}},
 {"chip":{"x":14,"y":5,"z":1,"id":1}},
 {"chip":{"x":15,"y":7,"z":1,"id":1}},
 {"chip":{"x":15,"y":9,"z":1,"id":1}},
 {"chip":{"x":16,"y":5,"z":1,"id":1}},
 {"chip":{"x":2,"y":13,"z":2,"id":1}},
 {"chip":{"x":3,"y":11,"z":2,"id":1}},
 {"chip":{"x":4,"y":13,"z":2,"id":1}},
 {"chip":{"x":6,"y":13,"z":2,"id":1}},
 {"chip":{"x":6,"y":15,"z":2,"id":1}},
 {"chip":{"x":7,"y":11,"z":2,"id":1}},
 {"chip":{"x":8,"y":16,"z":2,"id":1}},
 {"chip":{"x":9,"y":10,"z":2,"id":1}},
 {"chip":{"x":10,"y":2,"z":2,"id":1}},
 {"chip":{"x":11,"y":7,"z":2,"id":1}},
 {"chip":{"x":11,"y":9,"z":2,"id":1}},
 {"chip":{"x":12,"y":3,"z":2,"id":1}},
 {"chip":{"x":12,"y":5,"z":2,"id":1}},
 {"chip":{"x":13,"y":9,"z":2,"id":1}},
 {"chip":{"x":14,"y":5,"z":2,"id":1}},
 {"chip":{"x":15,"y":7,"z":2,"id":1}},
 {"chip":{"x":15,"y":9,"z":2,"id":1}},
 {"chip":{"x":16,"y":5,"z":2,"id":1}},
 {"chip":{"x":2,"y":13,"z":3,"id":1}},
 {"chip":{"x":3,"y":11,"z":3,"id":1}},
 {"chip":{"x":4,"y":13,"z":3,"id":1}},
 {"chip":{"x":6,"y":13,"z":3,"id":1}},
 {"chip":{"x":6,"y":15,"z":3,"id":1}},
 {"chip":{"x":7,"y":11,"z":3,"id":1}},
 {"chip":{"x":8,"y":16,"z":3,"id":1}},
 {"chip":{"x":9,"y":10,"z":3,"id":1}},
 {"chip":{"x":10,"y":2,"z":3,"id":1}},
 {"chip":{"x":11,"y":7,"z":3,"id":1}},
 {"chip":{"x":11,"y":9,"z":3,"id":1}},
 {"chip":{"x":12,"y":3,"z":3,"id":1}},
 {"chip":{"x":12,"y":5,"z":3,"id":1}},
 {"chip":{"x":13,"y":9,"z":3,"id":1}},
 {"chip":{"x":14,"y":5,"z":3,"id":1}},
 {"chip":{"x":15,"y":7,"z":3,"id":1}},
 {"chip":{"x":15,"y":9,"z":3,"id":1}},
 {"chip":{"x":16,"y":5,"z":3,"id":1}},
 {"chip":{"x":2,"y":13,"z":4,"id":1}},
 {"chip":{"x":3,"y":11,"z":4,"id":1}},
 {"chip":{"x":4,"y":13,"z":4,"id":1}},
 {"chip":{"x":6,"y":13,"z":4,"id":1}},
 {"chip":{"x":6,"y":15,"z":4,"id":1}},
 {"chip":{"x":7,"y":11,"z":4,"id":1}},
 {"chip":{"x":8,"y":16,"z":4,"id":1}},
 {"chip":{"x":9,"y":10,"z":4,"id":1}},
 {"chip":{"x":10,"y":2,"z":4,"id":1}},
 {"chip":{"x":11,"y":7,"z":4,"id":1}},
 {"chip":{"x":11,"y":9,"z":4,"id":1}},
 {"chip":{"x":12,"y":3,"z":4,"id":1}},
 {"chip":{"x":12,"y":5,"z":4,"id":1}},
 {"chip":{"x":13,"y":9,"z":4,"id":1}},
 {"chip":{"x":14,"y":5,"z":4,"id":1}},
 {"chip":{"x":15,"y":7,"z":4,"id":1}},
 {"chip":{"x":15,"y":9,"z":4,"id":1}},
 {"chip":{"x":16,"y":5,"z":4,"id":1}},
 {"chip":{"x":2,"y":5,"z":1,"id":1}},
 {"chip":{"x":3,"y":7,"z":1,"id":1}},
 {"chip":{"x":3,"y":9,"z":1,"id":1}},
 {"chip":{"x":4,"y":5,"z":1,"id":1}},
 {"chip":{"x":5,"y":9,"z":1,"id":1}},
 {"chip":{"x":6,"y":3,"z":1,"id":1}},
 {"chip":{"x":6,"y":5,"z":1,"id":1}},
 {"chip":{"x":7,"y":7,"z":1,"id":1}},
 {"chip":{"x":7,"y":9,"z":1,"id":1}},
 {"chip":{"x":8,"y":2,"z":1,"id":1}},
 {"chip":{"x":9,"y":8,"z":1,"id":1}},
 {"chip":{"x":2,"y":5,"z":2,"id":1}},
 {"chip":{"x":3,"y":7,"z":2,"id":1}},
 {"chip":{"x":3,"y":9,"z":2,"id":1}},
 {"chip":{"x":4,"y":5,"z":2,"id":1}},
 {"chip":{"x":5,"y":9,"z":2,"id":1}},
 {"chip":{"x":6,"y":3,"z":2,"id":1}},
 {"chip":{"x":6,"y":5,"z":2,"id":1}},
 {"chip":{"x":7,"y":7,"z":2,"id":1}},
 {"chip":{"x":7,"y":9,"z":2,"id":1}},
 {"chip":{"x":8,"y":2,"z":2,"id":1}},
 {"chip":{"x":9,"y":8,"z":2,"id":1}},
 {"chip":{"x":2,"y":5,"z":3,"id":1}},
 {"chip":{"x":3,"y":7,"z":3,"id":1}},
 {"chip":{"x":3,"y":9,"z":3,"id":1}},
 {"chip":{"x":4,"y":5,"z":3,"id":1}},
 {"chip":{"x":5,"y":9,"z":3,"id":1}},
 {"chip":{"x":6,"y":3,"z":3,"id":1}},
 {"chip":{"x":6,"y":5,"z":3,"id":1}},
 {"chip":{"x":7,"y":7,"z":3,"id":1}},
 {"chip":{"x":7,"y":9,"z":3,"id":1}},
 {"chip":{"x":8,"y":2,"z":3,"id":1}},
 {"chip":{"x":9,"y":8,"z":3,"id":1}},
 {"chip":{"x":2,"y":5,"z":4,"id":1}},
 {"chip":{"x":3,"y":7,"z":4,"id":1}},
 {"chip":{"x":3,"y":9,"z":4,"id":1}},
 {"chip":{"x":4,"y":5,"z":4,"id":1}},
 {"chip":{"x":5,"y":9,"z":4,"id":1}},
 {"chip":{"x":6,"y":3,"z":4,"id":1}},
 {"chip":{"x":6,"y":5,"z":4,"id":1}},
 {"chip":{"x":7,"y":7,"z":4,"id":1}},
 {"chip":{"x":7,"y":9,"z":4,"id":1}},
 {"chip":{"x":8,"y":2,"z":4,"id":1}},
 {"chip":{"x":9,"y":8,"z":4,"id":1}}
    ]
}
