{
    "levelid":267,
    "width":9,
    "height":9,
    "targetCountTotal":144,
    "chips":[
 {"chip":{"x":12,"y":13,"z":1,"id":1}},
 {"chip":{"x":14,"y":13,"z":1,"id":1}},
 {"chip":{"x":10,"y":11,"z":1,"id":1}},
 {"chip":{"x":10,"y":13,"z":1,"id":1}},
 {"chip":{"x":10,"y":15,"z":1,"id":1}},
 {"chip":{"x":12,"y":11,"z":1,"id":1}},
 {"chip":{"x":12,"y":15,"z":1,"id":1}},
 {"chip":{"x":14,"y":11,"z":1,"id":1}},
 {"chip":{"x":14,"y":15,"z":1,"id":1}},
 {"chip":{"x":10,"y":11,"z":2,"id":1}},
 {"chip":{"x":10,"y":13,"z":2,"id":1}},
 {"chip":{"x":10,"y":15,"z":2,"id":1}},
 {"chip":{"x":12,"y":11,"z":2,"id":1}},
 {"chip":{"x":12,"y":13,"z":2,"id":1}},
 {"chip":{"x":12,"y":15,"z":2,"id":1}},
 {"chip":{"x":14,"y":11,"z":2,"id":1}},
 {"chip":{"x":14,"y":13,"z":2,"id":1}},
 {"chip":{"x":14,"y":15,"z":2,"id":1}},
 {"chip":{"x":10,"y":11,"z":3,"id":1}},
 {"chip":{"x":10,"y":13,"z":3,"id":1}},
 {"chip":{"x":10,"y":15,"z":3,"id":1}},
 {"chip":{"x":12,"y":11,"z":3,"id":1}},
 {"chip":{"x":12,"y":13,"z":3,"id":1}},
 {"chip":{"x":12,"y":15,"z":3,"id":1}},
 {"chip":{"x":14,"y":11,"z":3,"id":1}},
 {"chip":{"x":14,"y":13,"z":3,"id":1}},
 {"chip":{"x":14,"y":15,"z":3,"id":1}},
 {"chip":{"x":10,"y":11,"z":4,"id":1}},
 {"chip":{"x":10,"y":13,"z":4,"id":1}},
 {"chip":{"x":10,"y":15,"z":4,"id":1}},
 {"chip":{"x":12,"y":11,"z":4,"id":1}},
 {"chip":{"x":12,"y":13,"z":4,"id":1}},
 {"chip":{"x":12,"y":15,"z":4,"id":1}},
 {"chip":{"x":14,"y":11,"z":4,"id":1}},
 {"chip":{"x":14,"y":13,"z":4,"id":1}},
 {"chip":{"x":14,"y":15,"z":4,"id":1}},
 {"chip":{"x":4,"y":13,"z":1,"id":1}},
 {"chip":{"x":6,"y":13,"z":1,"id":1}},
 {"chip":{"x":4,"y":11,"z":1,"id":1}},
 {"chip":{"x":4,"y":15,"z":1,"id":1}},
 {"chip":{"x":6,"y":11,"z":1,"id":1}},
 {"chip":{"x":6,"y":15,"z":1,"id":1}},
 {"chip":{"x":8,"y":11,"z":1,"id":1}},
 {"chip":{"x":8,"y":13,"z":1,"id":1}},
 {"chip":{"x":8,"y":15,"z":1,"id":1}},
 {"chip":{"x":11,"y":5,"z":1,"id":1}},
 {"chip":{"x":11,"y":7,"z":1,"id":1}},
 {"chip":{"x":13,"y":4,"z":1,"id":1}},
 {"chip":{"x":13,"y":6,"z":1,"id":1}},
 {"chip":{"x":13,"y":8,"z":1,"id":1}},
 {"chip":{"x":15,"y":7,"z":1,"id":1}},
 {"chip":{"x":17,"y":8,"z":1,"id":1}},
 {"chip":{"x":4,"y":11,"z":2,"id":1}},
 {"chip":{"x":4,"y":13,"z":2,"id":1}},
 {"chip":{"x":4,"y":15,"z":2,"id":1}},
 {"chip":{"x":6,"y":11,"z":2,"id":1}},
 {"chip":{"x":6,"y":13,"z":2,"id":1}},
 {"chip":{"x":6,"y":15,"z":2,"id":1}},
 {"chip":{"x":8,"y":11,"z":2,"id":1}},
 {"chip":{"x":8,"y":13,"z":2,"id":1}},
 {"chip":{"x":8,"y":15,"z":2,"id":1}},
 {"chip":{"x":11,"y":5,"z":2,"id":1}},
 {"chip":{"x":11,"y":7,"z":2,"id":1}},
 {"chip":{"x":13,"y":4,"z":2,"id":1}},
 {"chip":{"x":13,"y":6,"z":2,"id":1}},
 {"chip":{"x":13,"y":8,"z":2,"id":1}},
 {"chip":{"x":15,"y":7,"z":2,"id":1}},
 {"chip":{"x":17,"y":8,"z":2,"id":1}},
 {"chip":{"x":4,"y":11,"z":3,"id":1}},
 {"chip":{"x":4,"y":13,"z":3,"id":1}},
 {"chip":{"x":4,"y":15,"z":3,"id":1}},
 {"chip":{"x":6,"y":11,"z":3,"id":1}},
 {"chip":{"x":6,"y":13,"z":3,"id":1}},
 {"chip":{"x":6,"y":15,"z":3,"id":1}},
 {"chip":{"x":8,"y":11,"z":3,"id":1}},
 {"chip":{"x":8,"y":13,"z":3,"id":1}},
 {"chip":{"x":8,"y":15,"z":3,"id":1}},
 {"chip":{"x":11,"y":5,"z":3,"id":1}},
 {"chip":{"x":11,"y":7,"z":3,"id":1}},
 {"chip":{"x":13,"y":4,"z":3,"id":1}},
 {"chip":{"x":13,"y":6,"z":3,"id":1}},
 {"chip":{"x":13,"y":8,"z":3,"id":1}},
 {"chip":{"x":15,"y":7,"z":3,"id":1}},
 {"chip":{"x":17,"y":8,"z":3,"id":1}},
 {"chip":{"x":4,"y":11,"z":4,"id":1}},
 {"chip":{"x":4,"y":13,"z":4,"id":1}},
 {"chip":{"x":4,"y":15,"z":4,"id":1}},
 {"chip":{"x":6,"y":11,"z":4,"id":1}},
 {"chip":{"x":6,"y":13,"z":4,"id":1}},
 {"chip":{"x":6,"y":15,"z":4,"id":1}},
 {"chip":{"x":8,"y":11,"z":4,"id":1}},
 {"chip":{"x":8,"y":13,"z":4,"id":1}},
 {"chip":{"x":8,"y":15,"z":4,"id":1}},
 {"chip":{"x":11,"y":5,"z":4,"id":1}},
 {"chip":{"x":11,"y":7,"z":4,"id":1}},
 {"chip":{"x":13,"y":4,"z":4,"id":1}},
 {"chip":{"x":13,"y":6,"z":4,"id":1}},
 {"chip":{"x":13,"y":8,"z":4,"id":1}},
 {"chip":{"x":15,"y":7,"z":4,"id":1}},
 {"chip":{"x":17,"y":8,"z":4,"id":1}},
 {"chip":{"x":1,"y":8,"z":1,"id":1}},
 {"chip":{"x":3,"y":7,"z":1,"id":1}},
 {"chip":{"x":5,"y":4,"z":1,"id":1}},
 {"chip":{"x":5,"y":6,"z":1,"id":1}},
 {"chip":{"x":5,"y":8,"z":1,"id":1}},
 {"chip":{"x":7,"y":5,"z":1,"id":1}},
 {"chip":{"x":7,"y":7,"z":1,"id":1}},
 {"chip":{"x":9,"y":2,"z":1,"id":1}},
 {"chip":{"x":9,"y":4,"z":1,"id":1}},
 {"chip":{"x":9,"y":6,"z":1,"id":1}},
 {"chip":{"x":9,"y":8,"z":1,"id":1}},
 {"chip":{"x":1,"y":8,"z":2,"id":1}},
 {"chip":{"x":3,"y":7,"z":2,"id":1}},
 {"chip":{"x":5,"y":4,"z":2,"id":1}},
 {"chip":{"x":5,"y":6,"z":2,"id":1}},
 {"chip":{"x":5,"y":8,"z":2,"id":1}},
 {"chip":{"x":7,"y":5,"z":2,"id":1}},
 {"chip":{"x":7,"y":7,"z":2,"id":1}},
 {"chip":{"x":9,"y":2,"z":2,"id":1}},
 {"chip":{"x":9,"y":4,"z":2,"id":1}},
 {"chip":{"x":9,"y":6,"z":2,"id":1}},
 {"chip":{"x":9,"y":8,"z":2,"id":1}},
 {"chip":{"x":1,"y":8,"z":3,"id":1}},
 {"chip":{"x":3,"y":7,"z":3,"id":1}},
 {"chip":{"x":5,"y":4,"z":3,"id":1}},
 {"chip":{"x":5,"y":6,"z":3,"id":1}},
 {"chip":{"x":5,"y":8,"z":3,"id":1}},
 {"chip":{"x":7,"y":5,"z":3,"id":1}},
 {"chip":{"x":7,"y":7,"z":3,"id":1}},
 {"chip":{"x":9,"y":2,"z":3,"id":1}},
 {"chip":{"x":9,"y":4,"z":3,"id":1}},
 {"chip":{"x":9,"y":6,"z":3,"id":1}},
 {"chip":{"x":9,"y":8,"z":3,"id":1}},
 {"chip":{"x":1,"y":8,"z":4,"id":1}},
 {"chip":{"x":3,"y":7,"z":4,"id":1}},
 {"chip":{"x":5,"y":4,"z":4,"id":1}},
 {"chip":{"x":5,"y":6,"z":4,"id":1}},
 {"chip":{"x":5,"y":8,"z":4,"id":1}},
 {"chip":{"x":7,"y":5,"z":4,"id":1}},
 {"chip":{"x":7,"y":7,"z":4,"id":1}},
 {"chip":{"x":9,"y":2,"z":4,"id":1}},
 {"chip":{"x":9,"y":4,"z":4,"id":1}},
 {"chip":{"x":9,"y":6,"z":4,"id":1}},
 {"chip":{"x":9,"y":8,"z":4,"id":1}}
    ]
}
