{
    "levelid":238,
    "width":9,
    "height":9,
    "targetCountTotal":144,
    "chips":[
 {"chip":{"x":12,"y":13,"z":1,"id":1}},
 {"chip":{"x":14,"y":13,"z":1,"id":1}},
 {"chip":{"x":11,"y":15,"z":1,"id":1}},
 {"chip":{"x":12,"y":17,"z":1,"id":1}},
 {"chip":{"x":13,"y":10,"z":1,"id":1}},
 {"chip":{"x":13,"y":15,"z":1,"id":1}},
 {"chip":{"x":14,"y":17,"z":1,"id":1}},
 {"chip":{"x":11,"y":15,"z":2,"id":1}},
 {"chip":{"x":12,"y":13,"z":2,"id":1}},
 {"chip":{"x":12,"y":17,"z":2,"id":1}},
 {"chip":{"x":13,"y":10,"z":2,"id":1}},
 {"chip":{"x":13,"y":15,"z":2,"id":1}},
 {"chip":{"x":14,"y":13,"z":2,"id":1}},
 {"chip":{"x":14,"y":17,"z":2,"id":1}},
 {"chip":{"x":11,"y":15,"z":3,"id":1}},
 {"chip":{"x":12,"y":13,"z":3,"id":1}},
 {"chip":{"x":12,"y":17,"z":3,"id":1}},
 {"chip":{"x":13,"y":10,"z":3,"id":1}},
 {"chip":{"x":13,"y":15,"z":3,"id":1}},
 {"chip":{"x":14,"y":13,"z":3,"id":1}},
 {"chip":{"x":14,"y":17,"z":3,"id":1}},
 {"chip":{"x":11,"y":15,"z":4,"id":1}},
 {"chip":{"x":12,"y":13,"z":4,"id":1}},
 {"chip":{"x":12,"y":17,"z":4,"id":1}},
 {"chip":{"x":13,"y":10,"z":4,"id":1}},
 {"chip":{"x":13,"y":15,"z":4,"id":1}},
 {"chip":{"x":14,"y":13,"z":4,"id":1}},
 {"chip":{"x":14,"y":17,"z":4,"id":1}},
 {"chip":{"x":4,"y":13,"z":1,"id":1}},
 {"chip":{"x":6,"y":13,"z":1,"id":1}},
 {"chip":{"x":4,"y":17,"z":1,"id":1}},
 {"chip":{"x":5,"y":10,"z":1,"id":1}},
 {"chip":{"x":5,"y":15,"z":1,"id":1}},
 {"chip":{"x":6,"y":17,"z":1,"id":1}},
 {"chip":{"x":7,"y":15,"z":1,"id":1}},
 {"chip":{"x":9,"y":10,"z":1,"id":1}},
 {"chip":{"x":9,"y":12,"z":1,"id":1}},
 {"chip":{"x":9,"y":14,"z":1,"id":1}},
 {"chip":{"x":11,"y":3,"z":1,"id":1}},
 {"chip":{"x":11,"y":9,"z":1,"id":1}},
 {"chip":{"x":12,"y":1,"z":1,"id":1}},
 {"chip":{"x":12,"y":5,"z":1,"id":1}},
 {"chip":{"x":13,"y":3,"z":1,"id":1}},
 {"chip":{"x":13,"y":8,"z":1,"id":1}},
 {"chip":{"x":14,"y":1,"z":1,"id":1}},
 {"chip":{"x":14,"y":5,"z":1,"id":1}},
 {"chip":{"x":4,"y":13,"z":2,"id":1}},
 {"chip":{"x":4,"y":17,"z":2,"id":1}},
 {"chip":{"x":5,"y":10,"z":2,"id":1}},
 {"chip":{"x":5,"y":15,"z":2,"id":1}},
 {"chip":{"x":6,"y":13,"z":2,"id":1}},
 {"chip":{"x":6,"y":17,"z":2,"id":1}},
 {"chip":{"x":7,"y":15,"z":2,"id":1}},
 {"chip":{"x":9,"y":10,"z":2,"id":1}},
 {"chip":{"x":9,"y":12,"z":2,"id":1}},
 {"chip":{"x":9,"y":14,"z":2,"id":1}},
 {"chip":{"x":11,"y":3,"z":2,"id":1}},
 {"chip":{"x":11,"y":9,"z":2,"id":1}},
 {"chip":{"x":12,"y":1,"z":2,"id":1}},
 {"chip":{"x":12,"y":5,"z":2,"id":1}},
 {"chip":{"x":13,"y":3,"z":2,"id":1}},
 {"chip":{"x":13,"y":8,"z":2,"id":1}},
 {"chip":{"x":14,"y":1,"z":2,"id":1}},
 {"chip":{"x":14,"y":5,"z":2,"id":1}},
 {"chip":{"x":4,"y":13,"z":3,"id":1}},
 {"chip":{"x":4,"y":17,"z":3,"id":1}},
 {"chip":{"x":5,"y":10,"z":3,"id":1}},
 {"chip":{"x":5,"y":15,"z":3,"id":1}},
 {"chip":{"x":6,"y":13,"z":3,"id":1}},
 {"chip":{"x":6,"y":17,"z":3,"id":1}},
 {"chip":{"x":7,"y":15,"z":3,"id":1}},
 {"chip":{"x":9,"y":10,"z":3,"id":1}},
 {"chip":{"x":9,"y":12,"z":3,"id":1}},
 {"chip":{"x":9,"y":14,"z":3,"id":1}},
 {"chip":{"x":11,"y":3,"z":3,"id":1}},
 {"chip":{"x":11,"y":9,"z":3,"id":1}},
 {"chip":{"x":12,"y":1,"z":3,"id":1}},
 {"chip":{"x":12,"y":5,"z":3,"id":1}},
 {"chip":{"x":13,"y":3,"z":3,"id":1}},
 {"chip":{"x":13,"y":8,"z":3,"id":1}},
 {"chip":{"x":14,"y":1,"z":3,"id":1}},
 {"chip":{"x":14,"y":5,"z":3,"id":1}},
 {"chip":{"x":4,"y":13,"z":4,"id":1}},
 {"chip":{"x":4,"y":17,"z":4,"id":1}},
 {"chip":{"x":5,"y":10,"z":4,"id":1}},
 {"chip":{"x":5,"y":15,"z":4,"id":1}},
 {"chip":{"x":6,"y":13,"z":4,"id":1}},
 {"chip":{"x":6,"y":17,"z":4,"id":1}},
 {"chip":{"x":7,"y":15,"z":4,"id":1}},
 {"chip":{"x":9,"y":10,"z":4,"id":1}},
 {"chip":{"x":9,"y":12,"z":4,"id":1}},
 {"chip":{"x":9,"y":14,"z":4,"id":1}},
 {"chip":{"x":11,"y":3,"z":4,"id":1}},
 {"chip":{"x":11,"y":9,"z":4,"id":1}},
 {"chip":{"x":12,"y":1,"z":4,"id":1}},
 {"chip":{"x":12,"y":5,"z":4,"id":1}},
 {"chip":{"x":13,"y":3,"z":4,"id":1}},
 {"chip":{"x":13,"y":8,"z":4,"id":1}},
 {"chip":{"x":14,"y":1,"z":4,"id":1}},
 {"chip":{"x":14,"y":5,"z":4,"id":1}},
 {"chip":{"x":4,"y":1,"z":1,"id":1}},
 {"chip":{"x":4,"y":5,"z":1,"id":1}},
 {"chip":{"x":5,"y":3,"z":1,"id":1}},
 {"chip":{"x":5,"y":8,"z":1,"id":1}},
 {"chip":{"x":6,"y":1,"z":1,"id":1}},
 {"chip":{"x":6,"y":5,"z":1,"id":1}},
 {"chip":{"x":7,"y":3,"z":1,"id":1}},
 {"chip":{"x":7,"y":9,"z":1,"id":1}},
 {"chip":{"x":9,"y":4,"z":1,"id":1}},
 {"chip":{"x":9,"y":6,"z":1,"id":1}},
 {"chip":{"x":9,"y":8,"z":1,"id":1}},
 {"chip":{"x":4,"y":1,"z":2,"id":1}},
 {"chip":{"x":4,"y":5,"z":2,"id":1}},
 {"chip":{"x":5,"y":3,"z":2,"id":1}},
 {"chip":{"x":5,"y":8,"z":2,"id":1}},
 {"chip":{"x":6,"y":1,"z":2,"id":1}},
 {"chip":{"x":6,"y":5,"z":2,"id":1}},
 {"chip":{"x":7,"y":3,"z":2,"id":1}},
 {"chip":{"x":7,"y":9,"z":2,"id":1}},
 {"chip":{"x":9,"y":4,"z":2,"id":1}},
 {"chip":{"x":9,"y":6,"z":2,"id":1}},
 {"chip":{"x":9,"y":8,"z":2,"id":1}},
 {"chip":{"x":4,"y":1,"z":3,"id":1}},
 {"chip":{"x":4,"y":5,"z":3,"id":1}},
 {"chip":{"x":5,"y":3,"z":3,"id":1}},
 {"chip":{"x":5,"y":8,"z":3,"id":1}},
 {"chip":{"x":6,"y":1,"z":3,"id":1}},
 {"chip":{"x":6,"y":5,"z":3,"id":1}},
 {"chip":{"x":7,"y":3,"z":3,"id":1}},
 {"chip":{"x":7,"y":9,"z":3,"id":1}},
 {"chip":{"x":9,"y":4,"z":3,"id":1}},
 {"chip":{"x":9,"y":6,"z":3,"id":1}},
 {"chip":{"x":9,"y":8,"z":3,"id":1}},
 {"chip":{"x":4,"y":1,"z":4,"id":1}},
 {"chip":{"x":4,"y":5,"z":4,"id":1}},
 {"chip":{"x":5,"y":3,"z":4,"id":1}},
 {"chip":{"x":5,"y":8,"z":4,"id":1}},
 {"chip":{"x":6,"y":1,"z":4,"id":1}},
 {"chip":{"x":6,"y":5,"z":4,"id":1}},
 {"chip":{"x":7,"y":3,"z":4,"id":1}},
 {"chip":{"x":7,"y":9,"z":4,"id":1}},
 {"chip":{"x":9,"y":4,"z":4,"id":1}},
 {"chip":{"x":9,"y":6,"z":4,"id":1}},
 {"chip":{"x":9,"y":8,"z":4,"id":1}}
    ]
}
