{
    "levelid":310,
    "width":9,
    "height":9,
    "targetCountTotal":144,
    "chips":[
 {"chip":{"x":10,"y":11,"z":1,"id":1}},
 {"chip":{"x":10,"y":13,"z":1,"id":1}},
 {"chip":{"x":10,"y":15,"z":1,"id":1}},
 {"chip":{"x":12,"y":10,"z":1,"id":1}},
 {"chip":{"x":12,"y":16,"z":1,"id":1}},
 {"chip":{"x":14,"y":10,"z":1,"id":1}},
 {"chip":{"x":14,"y":16,"z":1,"id":1}},
 {"chip":{"x":16,"y":10,"z":1,"id":1}},
 {"chip":{"x":16,"y":12,"z":1,"id":1}},
 {"chip":{"x":16,"y":14,"z":1,"id":1}},
 {"chip":{"x":16,"y":16,"z":1,"id":1}},
 {"chip":{"x":10,"y":11,"z":2,"id":1}},
 {"chip":{"x":10,"y":15,"z":2,"id":1}},
 {"chip":{"x":12,"y":10,"z":2,"id":1}},
 {"chip":{"x":12,"y":16,"z":2,"id":1}},
 {"chip":{"x":14,"y":10,"z":2,"id":1}},
 {"chip":{"x":14,"y":16,"z":2,"id":1}},
 {"chip":{"x":16,"y":10,"z":2,"id":1}},
 {"chip":{"x":16,"y":12,"z":2,"id":1}},
 {"chip":{"x":16,"y":14,"z":2,"id":1}},
 {"chip":{"x":16,"y":16,"z":2,"id":1}},
 {"chip":{"x":10,"y":11,"z":3,"id":1}},
 {"chip":{"x":12,"y":10,"z":3,"id":1}},
 {"chip":{"x":12,"y":16,"z":3,"id":1}},
 {"chip":{"x":14,"y":10,"z":3,"id":1}},
 {"chip":{"x":14,"y":16,"z":3,"id":1}},
 {"chip":{"x":16,"y":10,"z":3,"id":1}},
 {"chip":{"x":16,"y":12,"z":3,"id":1}},
 {"chip":{"x":16,"y":14,"z":3,"id":1}},
 {"chip":{"x":16,"y":16,"z":3,"id":1}},
 {"chip":{"x":10,"y":11,"z":4,"id":1}},
 {"chip":{"x":12,"y":10,"z":4,"id":1}},
 {"chip":{"x":12,"y":16,"z":4,"id":1}},
 {"chip":{"x":14,"y":10,"z":4,"id":1}},
 {"chip":{"x":14,"y":16,"z":4,"id":1}},
 {"chip":{"x":16,"y":10,"z":4,"id":1}},
 {"chip":{"x":16,"y":12,"z":4,"id":1}},
 {"chip":{"x":16,"y":14,"z":4,"id":1}},
 {"chip":{"x":16,"y":16,"z":4,"id":1}},
 {"chip":{"x":10,"y":5,"z":1,"id":1}},
 {"chip":{"x":10,"y":7,"z":1,"id":1}},
 {"chip":{"x":2,"y":10,"z":1,"id":1}},
 {"chip":{"x":2,"y":12,"z":1,"id":1}},
 {"chip":{"x":2,"y":14,"z":1,"id":1}},
 {"chip":{"x":2,"y":16,"z":1,"id":1}},
 {"chip":{"x":4,"y":10,"z":1,"id":1}},
 {"chip":{"x":4,"y":16,"z":1,"id":1}},
 {"chip":{"x":6,"y":10,"z":1,"id":1}},
 {"chip":{"x":6,"y":16,"z":1,"id":1}},
 {"chip":{"x":8,"y":11,"z":1,"id":1}},
 {"chip":{"x":8,"y":13,"z":1,"id":1}},
 {"chip":{"x":8,"y":15,"z":1,"id":1}},
 {"chip":{"x":10,"y":3,"z":1,"id":1}},
 {"chip":{"x":10,"y":9,"z":1,"id":1}},
 {"chip":{"x":12,"y":2,"z":1,"id":1}},
 {"chip":{"x":13,"y":4,"z":1,"id":1}},
 {"chip":{"x":14,"y":2,"z":1,"id":1}},
 {"chip":{"x":16,"y":2,"z":1,"id":1}},
 {"chip":{"x":16,"y":4,"z":1,"id":1}},
 {"chip":{"x":16,"y":6,"z":1,"id":1}},
 {"chip":{"x":16,"y":8,"z":1,"id":1}},
 {"chip":{"x":2,"y":10,"z":2,"id":1}},
 {"chip":{"x":2,"y":12,"z":2,"id":1}},
 {"chip":{"x":2,"y":14,"z":2,"id":1}},
 {"chip":{"x":2,"y":16,"z":2,"id":1}},
 {"chip":{"x":4,"y":10,"z":2,"id":1}},
 {"chip":{"x":4,"y":16,"z":2,"id":1}},
 {"chip":{"x":6,"y":10,"z":2,"id":1}},
 {"chip":{"x":6,"y":16,"z":2,"id":1}},
 {"chip":{"x":8,"y":11,"z":2,"id":1}},
 {"chip":{"x":8,"y":15,"z":2,"id":1}},
 {"chip":{"x":10,"y":3,"z":2,"id":1}},
 {"chip":{"x":10,"y":9,"z":2,"id":1}},
 {"chip":{"x":12,"y":2,"z":2,"id":1}},
 {"chip":{"x":14,"y":2,"z":2,"id":1}},
 {"chip":{"x":16,"y":2,"z":2,"id":1}},
 {"chip":{"x":16,"y":4,"z":2,"id":1}},
 {"chip":{"x":16,"y":6,"z":2,"id":1}},
 {"chip":{"x":16,"y":8,"z":2,"id":1}},
 {"chip":{"x":2,"y":10,"z":3,"id":1}},
 {"chip":{"x":2,"y":12,"z":3,"id":1}},
 {"chip":{"x":2,"y":14,"z":3,"id":1}},
 {"chip":{"x":2,"y":16,"z":3,"id":1}},
 {"chip":{"x":4,"y":10,"z":3,"id":1}},
 {"chip":{"x":4,"y":16,"z":3,"id":1}},
 {"chip":{"x":6,"y":10,"z":3,"id":1}},
 {"chip":{"x":6,"y":16,"z":3,"id":1}},
 {"chip":{"x":8,"y":11,"z":3,"id":1}},
 {"chip":{"x":10,"y":3,"z":3,"id":1}},
 {"chip":{"x":10,"y":9,"z":3,"id":1}},
 {"chip":{"x":12,"y":2,"z":3,"id":1}},
 {"chip":{"x":14,"y":2,"z":3,"id":1}},
 {"chip":{"x":16,"y":2,"z":3,"id":1}},
 {"chip":{"x":16,"y":4,"z":3,"id":1}},
 {"chip":{"x":16,"y":6,"z":3,"id":1}},
 {"chip":{"x":16,"y":8,"z":3,"id":1}},
 {"chip":{"x":2,"y":10,"z":4,"id":1}},
 {"chip":{"x":2,"y":12,"z":4,"id":1}},
 {"chip":{"x":2,"y":14,"z":4,"id":1}},
 {"chip":{"x":2,"y":16,"z":4,"id":1}},
 {"chip":{"x":4,"y":10,"z":4,"id":1}},
 {"chip":{"x":4,"y":16,"z":4,"id":1}},
 {"chip":{"x":6,"y":10,"z":4,"id":1}},
 {"chip":{"x":6,"y":16,"z":4,"id":1}},
 {"chip":{"x":8,"y":11,"z":4,"id":1}},
 {"chip":{"x":10,"y":9,"z":4,"id":1}},
 {"chip":{"x":14,"y":2,"z":4,"id":1}},
 {"chip":{"x":16,"y":2,"z":4,"id":1}},
 {"chip":{"x":16,"y":4,"z":4,"id":1}},
 {"chip":{"x":16,"y":6,"z":4,"id":1}},
 {"chip":{"x":16,"y":8,"z":4,"id":1}},
 {"chip":{"x":8,"y":5,"z":1,"id":1}},
 {"chip":{"x":8,"y":7,"z":1,"id":1}},
 {"chip":{"x":2,"y":2,"z":1,"id":1}},
 {"chip":{"x":2,"y":4,"z":1,"id":1}},
 {"chip":{"x":2,"y":6,"z":1,"id":1}},
 {"chip":{"x":2,"y":8,"z":1,"id":1}},
 {"chip":{"x":4,"y":2,"z":1,"id":1}},
 {"chip":{"x":5,"y":4,"z":1,"id":1}},
 {"chip":{"x":6,"y":2,"z":1,"id":1}},
 {"chip":{"x":8,"y":3,"z":1,"id":1}},
 {"chip":{"x":8,"y":9,"z":1,"id":1}},
 {"chip":{"x":2,"y":2,"z":2,"id":1}},
 {"chip":{"x":2,"y":4,"z":2,"id":1}},
 {"chip":{"x":2,"y":6,"z":2,"id":1}},
 {"chip":{"x":2,"y":8,"z":2,"id":1}},
 {"chip":{"x":4,"y":2,"z":2,"id":1}},
 {"chip":{"x":6,"y":2,"z":2,"id":1}},
 {"chip":{"x":8,"y":3,"z":2,"id":1}},
 {"chip":{"x":8,"y":9,"z":2,"id":1}},
 {"chip":{"x":2,"y":2,"z":3,"id":1}},
 {"chip":{"x":2,"y":4,"z":3,"id":1}},
 {"chip":{"x":2,"y":6,"z":3,"id":1}},
 {"chip":{"x":2,"y":8,"z":3,"id":1}},
 {"chip":{"x":4,"y":2,"z":3,"id":1}},
 {"chip":{"x":6,"y":2,"z":3,"id":1}},
 {"chip":{"x":8,"y":3,"z":3,"id":1}},
 {"chip":{"x":8,"y":9,"z":3,"id":1}},
 {"chip":{"x":2,"y":2,"z":4,"id":1}},
 {"chip":{"x":2,"y":4,"z":4,"id":1}},
 {"chip":{"x":2,"y":6,"z":4,"id":1}},
 {"chip":{"x":2,"y":8,"z":4,"id":1}},
 {"chip":{"x":4,"y":2,"z":4,"id":1}},
 {"chip":{"x":8,"y":9,"z":4,"id":1}}
    ]
}
