{
    "levelid":302,
    "width":9,
    "height":9,
    "targetCountTotal":144,
    "chips":[
 {"chip":{"x":10,"y":16,"z":1,"id":1}},
 {"chip":{"x":12,"y":12,"z":1,"id":1}},
 {"chip":{"x":12,"y":14,"z":1,"id":1}},
 {"chip":{"x":12,"y":16,"z":1,"id":1}},
 {"chip":{"x":14,"y":10,"z":1,"id":1}},
 {"chip":{"x":14,"y":12,"z":1,"id":1}},
 {"chip":{"x":14,"y":14,"z":1,"id":1}},
 {"chip":{"x":16,"y":10,"z":1,"id":1}},
 {"chip":{"x":16,"y":12,"z":1,"id":1}},
 {"chip":{"x":10,"y":16,"z":2,"id":1}},
 {"chip":{"x":12,"y":12,"z":2,"id":1}},
 {"chip":{"x":12,"y":14,"z":2,"id":1}},
 {"chip":{"x":12,"y":16,"z":2,"id":1}},
 {"chip":{"x":14,"y":10,"z":2,"id":1}},
 {"chip":{"x":14,"y":12,"z":2,"id":1}},
 {"chip":{"x":14,"y":14,"z":2,"id":1}},
 {"chip":{"x":16,"y":10,"z":2,"id":1}},
 {"chip":{"x":16,"y":12,"z":2,"id":1}},
 {"chip":{"x":10,"y":16,"z":3,"id":1}},
 {"chip":{"x":12,"y":12,"z":3,"id":1}},
 {"chip":{"x":12,"y":14,"z":3,"id":1}},
 {"chip":{"x":12,"y":16,"z":3,"id":1}},
 {"chip":{"x":14,"y":10,"z":3,"id":1}},
 {"chip":{"x":14,"y":12,"z":3,"id":1}},
 {"chip":{"x":14,"y":14,"z":3,"id":1}},
 {"chip":{"x":16,"y":10,"z":3,"id":1}},
 {"chip":{"x":16,"y":12,"z":3,"id":1}},
 {"chip":{"x":10,"y":16,"z":4,"id":1}},
 {"chip":{"x":12,"y":12,"z":4,"id":1}},
 {"chip":{"x":12,"y":14,"z":4,"id":1}},
 {"chip":{"x":12,"y":16,"z":4,"id":1}},
 {"chip":{"x":14,"y":10,"z":4,"id":1}},
 {"chip":{"x":14,"y":12,"z":4,"id":1}},
 {"chip":{"x":14,"y":14,"z":4,"id":1}},
 {"chip":{"x":16,"y":10,"z":4,"id":1}},
 {"chip":{"x":16,"y":12,"z":4,"id":1}},
 {"chip":{"x":12,"y":6,"z":1,"id":1}},
 {"chip":{"x":2,"y":10,"z":1,"id":1}},
 {"chip":{"x":2,"y":12,"z":1,"id":1}},
 {"chip":{"x":4,"y":10,"z":1,"id":1}},
 {"chip":{"x":4,"y":12,"z":1,"id":1}},
 {"chip":{"x":4,"y":14,"z":1,"id":1}},
 {"chip":{"x":6,"y":12,"z":1,"id":1}},
 {"chip":{"x":6,"y":14,"z":1,"id":1}},
 {"chip":{"x":6,"y":16,"z":1,"id":1}},
 {"chip":{"x":8,"y":16,"z":1,"id":1}},
 {"chip":{"x":10,"y":2,"z":1,"id":1}},
 {"chip":{"x":12,"y":2,"z":1,"id":1}},
 {"chip":{"x":12,"y":4,"z":1,"id":1}},
 {"chip":{"x":14,"y":4,"z":1,"id":1}},
 {"chip":{"x":14,"y":6,"z":1,"id":1}},
 {"chip":{"x":14,"y":8,"z":1,"id":1}},
 {"chip":{"x":16,"y":6,"z":1,"id":1}},
 {"chip":{"x":16,"y":8,"z":1,"id":1}},
 {"chip":{"x":2,"y":10,"z":2,"id":1}},
 {"chip":{"x":2,"y":12,"z":2,"id":1}},
 {"chip":{"x":4,"y":10,"z":2,"id":1}},
 {"chip":{"x":4,"y":12,"z":2,"id":1}},
 {"chip":{"x":4,"y":14,"z":2,"id":1}},
 {"chip":{"x":6,"y":12,"z":2,"id":1}},
 {"chip":{"x":6,"y":14,"z":2,"id":1}},
 {"chip":{"x":6,"y":16,"z":2,"id":1}},
 {"chip":{"x":8,"y":16,"z":2,"id":1}},
 {"chip":{"x":10,"y":2,"z":2,"id":1}},
 {"chip":{"x":12,"y":2,"z":2,"id":1}},
 {"chip":{"x":12,"y":4,"z":2,"id":1}},
 {"chip":{"x":12,"y":6,"z":2,"id":1}},
 {"chip":{"x":14,"y":4,"z":2,"id":1}},
 {"chip":{"x":14,"y":6,"z":2,"id":1}},
 {"chip":{"x":14,"y":8,"z":2,"id":1}},
 {"chip":{"x":16,"y":6,"z":2,"id":1}},
 {"chip":{"x":16,"y":8,"z":2,"id":1}},
 {"chip":{"x":2,"y":10,"z":3,"id":1}},
 {"chip":{"x":2,"y":12,"z":3,"id":1}},
 {"chip":{"x":4,"y":10,"z":3,"id":1}},
 {"chip":{"x":4,"y":12,"z":3,"id":1}},
 {"chip":{"x":4,"y":14,"z":3,"id":1}},
 {"chip":{"x":6,"y":12,"z":3,"id":1}},
 {"chip":{"x":6,"y":14,"z":3,"id":1}},
 {"chip":{"x":6,"y":16,"z":3,"id":1}},
 {"chip":{"x":8,"y":16,"z":3,"id":1}},
 {"chip":{"x":10,"y":2,"z":3,"id":1}},
 {"chip":{"x":12,"y":2,"z":3,"id":1}},
 {"chip":{"x":12,"y":4,"z":3,"id":1}},
 {"chip":{"x":12,"y":6,"z":3,"id":1}},
 {"chip":{"x":14,"y":4,"z":3,"id":1}},
 {"chip":{"x":14,"y":6,"z":3,"id":1}},
 {"chip":{"x":14,"y":8,"z":3,"id":1}},
 {"chip":{"x":16,"y":6,"z":3,"id":1}},
 {"chip":{"x":16,"y":8,"z":3,"id":1}},
 {"chip":{"x":2,"y":10,"z":4,"id":1}},
 {"chip":{"x":2,"y":12,"z":4,"id":1}},
 {"chip":{"x":4,"y":10,"z":4,"id":1}},
 {"chip":{"x":4,"y":12,"z":4,"id":1}},
 {"chip":{"x":4,"y":14,"z":4,"id":1}},
 {"chip":{"x":6,"y":12,"z":4,"id":1}},
 {"chip":{"x":6,"y":14,"z":4,"id":1}},
 {"chip":{"x":6,"y":16,"z":4,"id":1}},
 {"chip":{"x":8,"y":16,"z":4,"id":1}},
 {"chip":{"x":10,"y":2,"z":4,"id":1}},
 {"chip":{"x":12,"y":2,"z":4,"id":1}},
 {"chip":{"x":12,"y":4,"z":4,"id":1}},
 {"chip":{"x":12,"y":6,"z":4,"id":1}},
 {"chip":{"x":14,"y":4,"z":4,"id":1}},
 {"chip":{"x":14,"y":6,"z":4,"id":1}},
 {"chip":{"x":14,"y":8,"z":4,"id":1}},
 {"chip":{"x":16,"y":6,"z":4,"id":1}},
 {"chip":{"x":16,"y":8,"z":4,"id":1}},
 {"chip":{"x":6,"y":6,"z":1,"id":1}},
 {"chip":{"x":2,"y":6,"z":1,"id":1}},
 {"chip":{"x":2,"y":8,"z":1,"id":1}},
 {"chip":{"x":4,"y":4,"z":1,"id":1}},
 {"chip":{"x":4,"y":6,"z":1,"id":1}},
 {"chip":{"x":4,"y":8,"z":1,"id":1}},
 {"chip":{"x":6,"y":2,"z":1,"id":1}},
 {"chip":{"x":6,"y":4,"z":1,"id":1}},
 {"chip":{"x":8,"y":2,"z":1,"id":1}},
 {"chip":{"x":2,"y":6,"z":2,"id":1}},
 {"chip":{"x":2,"y":8,"z":2,"id":1}},
 {"chip":{"x":4,"y":4,"z":2,"id":1}},
 {"chip":{"x":4,"y":6,"z":2,"id":1}},
 {"chip":{"x":4,"y":8,"z":2,"id":1}},
 {"chip":{"x":6,"y":2,"z":2,"id":1}},
 {"chip":{"x":6,"y":4,"z":2,"id":1}},
 {"chip":{"x":6,"y":6,"z":2,"id":1}},
 {"chip":{"x":8,"y":2,"z":2,"id":1}},
 {"chip":{"x":2,"y":6,"z":3,"id":1}},
 {"chip":{"x":2,"y":8,"z":3,"id":1}},
 {"chip":{"x":4,"y":4,"z":3,"id":1}},
 {"chip":{"x":4,"y":6,"z":3,"id":1}},
 {"chip":{"x":4,"y":8,"z":3,"id":1}},
 {"chip":{"x":6,"y":2,"z":3,"id":1}},
 {"chip":{"x":6,"y":4,"z":3,"id":1}},
 {"chip":{"x":6,"y":6,"z":3,"id":1}},
 {"chip":{"x":8,"y":2,"z":3,"id":1}},
 {"chip":{"x":2,"y":6,"z":4,"id":1}},
 {"chip":{"x":2,"y":8,"z":4,"id":1}},
 {"chip":{"x":4,"y":4,"z":4,"id":1}},
 {"chip":{"x":4,"y":6,"z":4,"id":1}},
 {"chip":{"x":4,"y":8,"z":4,"id":1}},
 {"chip":{"x":6,"y":2,"z":4,"id":1}},
 {"chip":{"x":6,"y":4,"z":4,"id":1}},
 {"chip":{"x":6,"y":6,"z":4,"id":1}},
 {"chip":{"x":8,"y":2,"z":4,"id":1}}
    ]
}
