{
    "levelid":450,
    "width":9,
    "height":9,
    "targetCountTotal":145,
    "chips":[
 {"chip":{"x":10,"y":10,"z":1,"id":52}}, {"chip":{"x":10,"y":14,"z":1,"id":52}}, {"chip":{"x":16,"y":10,"z":1,"id":58}}, {"chip":{"x":16,"y":14,"z":1,"id":58}}, {"chip":{"x":10,"y":12,"z":1,"id":1}}, {"chip":{"x":10,"y":16,"z":1,"id":1}}, {"chip":{"x":12,"y":10,"z":1,"id":1}}, {"chip":{"x":12,"y":12,"z":1,"id":1}}, {"chip":{"x":12,"y":14,"z":1,"id":1}}, {"chip":{"x":12,"y":16,"z":1,"id":1}}, {"chip":{"x":14,"y":10,"z":1,"id":1}}, {"chip":{"x":14,"y":12,"z":1,"id":1}}, {"chip":{"x":14,"y":14,"z":1,"id":1}}, {"chip":{"x":14,"y":16,"z":1,"id":1}}, {"chip":{"x":16,"y":12,"z":1,"id":1}}, {"chip":{"x":16,"y":16,"z":1,"id":1}}, {"chip":{"x":10,"y":10,"z":2,"id":1}}, {"chip":{"x":10,"y":12,"z":2,"id":1}}, {"chip":{"x":10,"y":14,"z":2,"id":1}}, {"chip":{"x":12,"y":10,"z":2,"id":1}}, {"chip":{"x":12,"y":12,"z":2,"id":1}}, {"chip":{"x":12,"y":14,"z":2,"id":1}}, {"chip":{"x":14,"y":10,"z":2,"id":1}}, {"chip":{"x":14,"y":12,"z":2,"id":1}}, {"chip":{"x":14,"y":14,"z":2,"id":1}}, {"chip":{"x":11,"y":11,"z":3,"id":1}}, {"chip":{"x":11,"y":13,"z":3,"id":1}}, {"chip":{"x":13,"y":11,"z":3,"id":1}}, {"chip":{"x":13,"y":13,"z":3,"id":1}}, {"chip":{"x":10,"y":10,"z":4,"id":1}}, {"chip":{"x":10,"y":12,"z":4,"id":1}}, {"chip":{"x":12,"y":10,"z":4,"id":1}}, {"chip":{"x":12,"y":12,"z":4,"id":1}}, {"chip":{"x":10,"y":10,"z":5,"id":1}}, {"chip":{"x":2,"y":10,"z":1,"id":57}}, {"chip":{"x":2,"y":14,"z":1,"id":57}}, {"chip":{"x":10,"y":4,"z":1,"id":52}}, {"chip":{"x":10,"y":8,"z":1,"id":52}}, {"chip":{"x":16,"y":4,"z":1,"id":58}}, {"chip":{"x":16,"y":8,"z":1,"id":58}}, {"chip":{"x":12,"y":6,"z":1,"id":1}}, {"chip":{"x":2,"y":12,"z":1,"id":1}}, {"chip":{"x":2,"y":16,"z":1,"id":1}}, {"chip":{"x":4,"y":10,"z":1,"id":1}}, {"chip":{"x":4,"y":12,"z":1,"id":1}}, {"chip":{"x":4,"y":14,"z":1,"id":1}}, {"chip":{"x":4,"y":16,"z":1,"id":1}}, {"chip":{"x":6,"y":10,"z":1,"id":1}}, {"chip":{"x":6,"y":12,"z":1,"id":1}}, {"chip":{"x":6,"y":14,"z":1,"id":1}}, {"chip":{"x":6,"y":16,"z":1,"id":1}}, {"chip":{"x":8,"y":10,"z":1,"id":1}}, {"chip":{"x":8,"y":12,"z":1,"id":1}}, {"chip":{"x":8,"y":14,"z":1,"id":1}}, {"chip":{"x":8,"y":16,"z":1,"id":1}}, {"chip":{"x":10,"y":2,"z":1,"id":1}}, {"chip":{"x":10,"y":6,"z":1,"id":1}}, {"chip":{"x":12,"y":2,"z":1,"id":1}}, {"chip":{"x":12,"y":4,"z":1,"id":1}}, {"chip":{"x":12,"y":8,"z":1,"id":1}}, {"chip":{"x":14,"y":2,"z":1,"id":1}}, {"chip":{"x":14,"y":4,"z":1,"id":1}}, {"chip":{"x":14,"y":6,"z":1,"id":1}}, {"chip":{"x":14,"y":8,"z":1,"id":1}}, {"chip":{"x":16,"y":2,"z":1,"id":1}}, {"chip":{"x":16,"y":6,"z":1,"id":1}}, {"chip":{"x":4,"y":10,"z":2,"id":1}}, {"chip":{"x":4,"y":12,"z":2,"id":1}}, {"chip":{"x":4,"y":14,"z":2,"id":1}}, {"chip":{"x":6,"y":10,"z":2,"id":1}}, {"chip":{"x":6,"y":12,"z":2,"id":1}}, {"chip":{"x":6,"y":14,"z":2,"id":1}}, {"chip":{"x":8,"y":10,"z":2,"id":1}}, {"chip":{"x":8,"y":12,"z":2,"id":1}}, {"chip":{"x":8,"y":14,"z":2,"id":1}}, {"chip":{"x":10,"y":4,"z":2,"id":1}}, {"chip":{"x":10,"y":6,"z":2,"id":1}}, {"chip":{"x":10,"y":8,"z":2,"id":1}}, {"chip":{"x":12,"y":4,"z":2,"id":1}}, {"chip":{"x":12,"y":6,"z":2,"id":1}}, {"chip":{"x":12,"y":8,"z":2,"id":1}}, {"chip":{"x":14,"y":4,"z":2,"id":1}}, {"chip":{"x":14,"y":6,"z":2,"id":1}}, {"chip":{"x":14,"y":8,"z":2,"id":1}}, {"chip":{"x":5,"y":11,"z":3,"id":1}}, {"chip":{"x":5,"y":13,"z":3,"id":1}}, {"chip":{"x":7,"y":11,"z":3,"id":1}}, {"chip":{"x":7,"y":13,"z":3,"id":1}}, {"chip":{"x":9,"y":11,"z":3,"id":1}}, {"chip":{"x":9,"y":13,"z":3,"id":1}}, {"chip":{"x":11,"y":5,"z":3,"id":1}}, {"chip":{"x":11,"y":7,"z":3,"id":1}}, {"chip":{"x":11,"y":9,"z":3,"id":1}}, {"chip":{"x":13,"y":5,"z":3,"id":1}}, {"chip":{"x":13,"y":7,"z":3,"id":1}}, {"chip":{"x":13,"y":9,"z":3,"id":1}}, {"chip":{"x":6,"y":10,"z":4,"id":1}}, {"chip":{"x":6,"y":12,"z":4,"id":1}}, {"chip":{"x":8,"y":10,"z":4,"id":1}}, {"chip":{"x":8,"y":12,"z":4,"id":1}}, {"chip":{"x":10,"y":6,"z":4,"id":1}}, {"chip":{"x":10,"y":8,"z":4,"id":1}}, {"chip":{"x":12,"y":6,"z":4,"id":1}}, {"chip":{"x":12,"y":8,"z":4,"id":1}}, {"chip":{"x":8,"y":10,"z":5,"id":1}}, {"chip":{"x":10,"y":8,"z":5,"id":1}}, {"chip":{"x":2,"y":4,"z":1,"id":57}}, {"chip":{"x":2,"y":8,"z":1,"id":57}}, {"chip":{"x":9,"y":9,"z":3,"id":52}}, {"chip":{"x":6,"y":6,"z":1,"id":1}}, {"chip":{"x":2,"y":2,"z":1,"id":1}}, {"chip":{"x":2,"y":6,"z":1,"id":1}}, {"chip":{"x":4,"y":2,"z":1,"id":1}}, {"chip":{"x":4,"y":4,"z":1,"id":1}}, {"chip":{"x":4,"y":6,"z":1,"id":1}}, {"chip":{"x":4,"y":8,"z":1,"id":1}}, {"chip":{"x":6,"y":2,"z":1,"id":1}}, {"chip":{"x":6,"y":4,"z":1,"id":1}}, {"chip":{"x":6,"y":8,"z":1,"id":1}}, {"chip":{"x":8,"y":2,"z":1,"id":1}}, {"chip":{"x":8,"y":4,"z":1,"id":1}}, {"chip":{"x":8,"y":6,"z":1,"id":1}}, {"chip":{"x":8,"y":8,"z":1,"id":1}}, {"chip":{"x":4,"y":4,"z":2,"id":1}}, {"chip":{"x":4,"y":6,"z":2,"id":1}}, {"chip":{"x":4,"y":8,"z":2,"id":1}}, {"chip":{"x":6,"y":4,"z":2,"id":1}}, {"chip":{"x":6,"y":6,"z":2,"id":1}}, {"chip":{"x":6,"y":8,"z":2,"id":1}}, {"chip":{"x":8,"y":4,"z":2,"id":1}}, {"chip":{"x":8,"y":6,"z":2,"id":1}}, {"chip":{"x":8,"y":8,"z":2,"id":1}}, {"chip":{"x":5,"y":5,"z":3,"id":1}}, {"chip":{"x":5,"y":7,"z":3,"id":1}}, {"chip":{"x":5,"y":9,"z":3,"id":1}}, {"chip":{"x":7,"y":5,"z":3,"id":1}}, {"chip":{"x":7,"y":7,"z":3,"id":1}}, {"chip":{"x":7,"y":9,"z":3,"id":1}}, {"chip":{"x":9,"y":5,"z":3,"id":1}}, {"chip":{"x":9,"y":7,"z":3,"id":1}}, {"chip":{"x":6,"y":6,"z":4,"id":1}}, {"chip":{"x":6,"y":8,"z":4,"id":1}}, {"chip":{"x":8,"y":6,"z":4,"id":1}}, {"chip":{"x":8,"y":8,"z":4,"id":1}}, {"chip":{"x":8,"y":8,"z":5,"id":1}}
    ]
}
