{
    "levelid":699,
    "width":9,
    "height":9,
    "targetCountTotal":144,
    "chips":[
 {"chip":{"x":10,"y":16,"z":1,"id":1}},
 {"chip":{"x":11,"y":10,"z":1,"id":1}},
 {"chip":{"x":11,"y":12,"z":1,"id":1}},
 {"chip":{"x":11,"y":14,"z":1,"id":1}},
 {"chip":{"x":13,"y":10,"z":1,"id":1}},
 {"chip":{"x":13,"y":12,"z":1,"id":1}},
 {"chip":{"x":13,"y":14,"z":1,"id":1}},
 {"chip":{"x":14,"y":16,"z":1,"id":1}},
 {"chip":{"x":15,"y":13,"z":1,"id":1}},
 {"chip":{"x":16,"y":17,"z":1,"id":1}},
 {"chip":{"x":17,"y":12,"z":1,"id":1}},
 {"chip":{"x":10,"y":16,"z":2,"id":1}},
 {"chip":{"x":11,"y":10,"z":2,"id":1}},
 {"chip":{"x":11,"y":12,"z":2,"id":1}},
 {"chip":{"x":11,"y":14,"z":2,"id":1}},
 {"chip":{"x":13,"y":10,"z":2,"id":1}},
 {"chip":{"x":13,"y":12,"z":2,"id":1}},
 {"chip":{"x":13,"y":14,"z":2,"id":1}},
 {"chip":{"x":14,"y":16,"z":2,"id":1}},
 {"chip":{"x":15,"y":13,"z":2,"id":1}},
 {"chip":{"x":16,"y":17,"z":2,"id":1}},
 {"chip":{"x":17,"y":12,"z":2,"id":1}},
 {"chip":{"x":10,"y":16,"z":3,"id":1}},
 {"chip":{"x":11,"y":11,"z":3,"id":1}},
 {"chip":{"x":11,"y":13,"z":3,"id":1}},
 {"chip":{"x":13,"y":11,"z":3,"id":1}},
 {"chip":{"x":13,"y":13,"z":3,"id":1}},
 {"chip":{"x":14,"y":16,"z":3,"id":1}},
 {"chip":{"x":15,"y":13,"z":3,"id":1}},
 {"chip":{"x":16,"y":17,"z":3,"id":1}},
 {"chip":{"x":17,"y":12,"z":3,"id":1}},
 {"chip":{"x":10,"y":16,"z":4,"id":1}},
 {"chip":{"x":14,"y":16,"z":4,"id":1}},
 {"chip":{"x":15,"y":13,"z":4,"id":1}},
 {"chip":{"x":16,"y":17,"z":4,"id":1}},
 {"chip":{"x":17,"y":12,"z":4,"id":1}},
 {"chip":{"x":10,"y":5,"z":1,"id":1}},
 {"chip":{"x":12,"y":6,"z":1,"id":1}},
 {"chip":{"x":1,"y":12,"z":1,"id":1}},
 {"chip":{"x":2,"y":17,"z":1,"id":1}},
 {"chip":{"x":3,"y":13,"z":1,"id":1}},
 {"chip":{"x":4,"y":16,"z":1,"id":1}},
 {"chip":{"x":5,"y":10,"z":1,"id":1}},
 {"chip":{"x":5,"y":12,"z":1,"id":1}},
 {"chip":{"x":5,"y":14,"z":1,"id":1}},
 {"chip":{"x":7,"y":10,"z":1,"id":1}},
 {"chip":{"x":7,"y":12,"z":1,"id":1}},
 {"chip":{"x":7,"y":14,"z":1,"id":1}},
 {"chip":{"x":8,"y":16,"z":1,"id":1}},
 {"chip":{"x":9,"y":10,"z":1,"id":1}},
 {"chip":{"x":9,"y":12,"z":1,"id":1}},
 {"chip":{"x":9,"y":14,"z":1,"id":1}},
 {"chip":{"x":11,"y":8,"z":1,"id":1}},
 {"chip":{"x":12,"y":2,"z":1,"id":1}},
 {"chip":{"x":12,"y":4,"z":1,"id":1}},
 {"chip":{"x":13,"y":8,"z":1,"id":1}},
 {"chip":{"x":14,"y":2,"z":1,"id":1}},
 {"chip":{"x":14,"y":4,"z":1,"id":1}},
 {"chip":{"x":14,"y":6,"z":1,"id":1}},
 {"chip":{"x":16,"y":2,"z":1,"id":1}},
 {"chip":{"x":16,"y":4,"z":1,"id":1}},
 {"chip":{"x":16,"y":6,"z":1,"id":1}},
 {"chip":{"x":1,"y":12,"z":2,"id":1}},
 {"chip":{"x":2,"y":17,"z":2,"id":1}},
 {"chip":{"x":3,"y":13,"z":2,"id":1}},
 {"chip":{"x":4,"y":16,"z":2,"id":1}},
 {"chip":{"x":5,"y":10,"z":2,"id":1}},
 {"chip":{"x":5,"y":12,"z":2,"id":1}},
 {"chip":{"x":5,"y":14,"z":2,"id":1}},
 {"chip":{"x":7,"y":10,"z":2,"id":1}},
 {"chip":{"x":7,"y":12,"z":2,"id":1}},
 {"chip":{"x":7,"y":14,"z":2,"id":1}},
 {"chip":{"x":8,"y":16,"z":2,"id":1}},
 {"chip":{"x":9,"y":10,"z":2,"id":1}},
 {"chip":{"x":9,"y":12,"z":2,"id":1}},
 {"chip":{"x":9,"y":14,"z":2,"id":1}},
 {"chip":{"x":10,"y":5,"z":2,"id":1}},
 {"chip":{"x":11,"y":8,"z":2,"id":1}},
 {"chip":{"x":12,"y":3,"z":2,"id":1}},
 {"chip":{"x":12,"y":5,"z":2,"id":1}},
 {"chip":{"x":13,"y":8,"z":2,"id":1}},
 {"chip":{"x":14,"y":3,"z":2,"id":1}},
 {"chip":{"x":14,"y":5,"z":2,"id":1}},
 {"chip":{"x":1,"y":12,"z":3,"id":1}},
 {"chip":{"x":2,"y":17,"z":3,"id":1}},
 {"chip":{"x":3,"y":13,"z":3,"id":1}},
 {"chip":{"x":4,"y":16,"z":3,"id":1}},
 {"chip":{"x":5,"y":11,"z":3,"id":1}},
 {"chip":{"x":5,"y":13,"z":3,"id":1}},
 {"chip":{"x":7,"y":11,"z":3,"id":1}},
 {"chip":{"x":7,"y":13,"z":3,"id":1}},
 {"chip":{"x":8,"y":16,"z":3,"id":1}},
 {"chip":{"x":9,"y":13,"z":3,"id":1}},
 {"chip":{"x":10,"y":5,"z":3,"id":1}},
 {"chip":{"x":11,"y":9,"z":3,"id":1}},
 {"chip":{"x":12,"y":3,"z":3,"id":1}},
 {"chip":{"x":12,"y":5,"z":3,"id":1}},
 {"chip":{"x":13,"y":9,"z":3,"id":1}},
 {"chip":{"x":14,"y":3,"z":3,"id":1}},
 {"chip":{"x":14,"y":5,"z":3,"id":1}},
 {"chip":{"x":1,"y":12,"z":4,"id":1}},
 {"chip":{"x":2,"y":17,"z":4,"id":1}},
 {"chip":{"x":3,"y":13,"z":4,"id":1}},
 {"chip":{"x":4,"y":16,"z":4,"id":1}},
 {"chip":{"x":8,"y":16,"z":4,"id":1}},
 {"chip":{"x":10,"y":5,"z":4,"id":1}},
 {"chip":{"x":12,"y":3,"z":4,"id":1}},
 {"chip":{"x":12,"y":5,"z":4,"id":1}},
 {"chip":{"x":14,"y":3,"z":4,"id":1}},
 {"chip":{"x":14,"y":5,"z":4,"id":1}},
 {"chip":{"x":6,"y":6,"z":1,"id":1}},
 {"chip":{"x":8,"y":5,"z":1,"id":1}},
 {"chip":{"x":2,"y":2,"z":1,"id":1}},
 {"chip":{"x":2,"y":4,"z":1,"id":1}},
 {"chip":{"x":2,"y":6,"z":1,"id":1}},
 {"chip":{"x":4,"y":2,"z":1,"id":1}},
 {"chip":{"x":4,"y":4,"z":1,"id":1}},
 {"chip":{"x":4,"y":6,"z":1,"id":1}},
 {"chip":{"x":5,"y":8,"z":1,"id":1}},
 {"chip":{"x":6,"y":2,"z":1,"id":1}},
 {"chip":{"x":6,"y":4,"z":1,"id":1}},
 {"chip":{"x":7,"y":8,"z":1,"id":1}},
 {"chip":{"x":9,"y":8,"z":1,"id":1}},
 {"chip":{"x":4,"y":3,"z":2,"id":1}},
 {"chip":{"x":4,"y":5,"z":2,"id":1}},
 {"chip":{"x":5,"y":8,"z":2,"id":1}},
 {"chip":{"x":6,"y":3,"z":2,"id":1}},
 {"chip":{"x":6,"y":5,"z":2,"id":1}},
 {"chip":{"x":7,"y":8,"z":2,"id":1}},
 {"chip":{"x":8,"y":5,"z":2,"id":1}},
 {"chip":{"x":9,"y":8,"z":2,"id":1}},
 {"chip":{"x":4,"y":3,"z":3,"id":1}},
 {"chip":{"x":4,"y":5,"z":3,"id":1}},
 {"chip":{"x":5,"y":9,"z":3,"id":1}},
 {"chip":{"x":6,"y":3,"z":3,"id":1}},
 {"chip":{"x":6,"y":5,"z":3,"id":1}},
 {"chip":{"x":7,"y":9,"z":3,"id":1}},
 {"chip":{"x":8,"y":5,"z":3,"id":1}},
 {"chip":{"x":9,"y":9,"z":3,"id":1}},
 {"chip":{"x":4,"y":3,"z":4,"id":1}},
 {"chip":{"x":4,"y":5,"z":4,"id":1}},
 {"chip":{"x":6,"y":3,"z":4,"id":1}},
 {"chip":{"x":6,"y":5,"z":4,"id":1}},
 {"chip":{"x":8,"y":5,"z":4,"id":1}}
    ]
}
