{
	"levelid":365,
    "width":9,
    "height":9,
    "targetCountTotal":90,
    "chips":[
 {"chip":{"x":17,"y":17,"z":1,"id":58}}, {"chip":{"x":17,"y":15,"z":1,"id":58}}, {"chip":{"x":12,"y":13,"z":1,"id":1}}, {"chip":{"x":10,"y":13,"z":1,"id":1}}, {"chip":{"x":11,"y":15,"z":1,"id":1}}, {"chip":{"x":11,"y":17,"z":1,"id":1}}, {"chip":{"x":13,"y":15,"z":1,"id":1}}, {"chip":{"x":13,"y":17,"z":1,"id":1}}, {"chip":{"x":15,"y":15,"z":1,"id":1}}, {"chip":{"x":15,"y":17,"z":1,"id":1}}, {"chip":{"x":10,"y":15,"z":2,"id":1}}, {"chip":{"x":11,"y":13,"z":2,"id":1}}, {"chip":{"x":11,"y":17,"z":2,"id":1}}, {"chip":{"x":12,"y":15,"z":2,"id":1}}, {"chip":{"x":13,"y":17,"z":2,"id":1}}, {"chip":{"x":14,"y":15,"z":2,"id":1}}, {"chip":{"x":15,"y":17,"z":2,"id":1}}, {"chip":{"x":17,"y":17,"z":2,"id":1}}, {"chip":{"x":1,"y":17,"z":1,"id":57}}, {"chip":{"x":17,"y":1,"z":1,"id":58}}, {"chip":{"x":9,"y":13,"z":2,"id":52}}, {"chip":{"x":1,"y":15,"z":1,"id":57}}, {"chip":{"x":9,"y":17,"z":1,"id":52}}, {"chip":{"x":10,"y":11,"z":1,"id":1}}, {"chip":{"x":17,"y":3,"z":1,"id":58}}, {"chip":{"x":10,"y":11,"z":2,"id":1}}, {"chip":{"x":6,"y":13,"z":1,"id":1}}, {"chip":{"x":10,"y":5,"z":1,"id":1}}, {"chip":{"x":3,"y":15,"z":1,"id":1}}, {"chip":{"x":3,"y":17,"z":1,"id":1}}, {"chip":{"x":5,"y":15,"z":1,"id":1}}, {"chip":{"x":5,"y":17,"z":1,"id":1}}, {"chip":{"x":7,"y":15,"z":1,"id":1}}, {"chip":{"x":7,"y":17,"z":1,"id":1}}, {"chip":{"x":8,"y":13,"z":1,"id":1}}, {"chip":{"x":9,"y":15,"z":1,"id":1}}, {"chip":{"x":11,"y":1,"z":1,"id":1}}, {"chip":{"x":11,"y":3,"z":1,"id":1}}, {"chip":{"x":12,"y":5,"z":1,"id":1}}, {"chip":{"x":13,"y":1,"z":1,"id":1}}, {"chip":{"x":13,"y":3,"z":1,"id":1}}, {"chip":{"x":15,"y":1,"z":1,"id":1}}, {"chip":{"x":15,"y":3,"z":1,"id":1}}, {"chip":{"x":1,"y":17,"z":2,"id":1}}, {"chip":{"x":3,"y":17,"z":2,"id":1}}, {"chip":{"x":4,"y":15,"z":2,"id":1}}, {"chip":{"x":5,"y":17,"z":2,"id":1}}, {"chip":{"x":6,"y":15,"z":2,"id":1}}, {"chip":{"x":7,"y":13,"z":2,"id":1}}, {"chip":{"x":7,"y":17,"z":2,"id":1}}, {"chip":{"x":8,"y":15,"z":2,"id":1}}, {"chip":{"x":10,"y":3,"z":2,"id":1}}, {"chip":{"x":11,"y":1,"z":2,"id":1}}, {"chip":{"x":11,"y":5,"z":2,"id":1}}, {"chip":{"x":12,"y":3,"z":2,"id":1}}, {"chip":{"x":13,"y":1,"z":2,"id":1}}, {"chip":{"x":14,"y":3,"z":2,"id":1}}, {"chip":{"x":15,"y":1,"z":2,"id":1}}, {"chip":{"x":17,"y":1,"z":2,"id":1}}, {"chip":{"x":1,"y":1,"z":1,"id":57}}, {"chip":{"x":9,"y":5,"z":2,"id":52}}, {"chip":{"x":10,"y":7,"z":1,"id":1}}, {"chip":{"x":1,"y":3,"z":1,"id":57}}, {"chip":{"x":8,"y":11,"z":1,"id":1}}, {"chip":{"x":9,"y":1,"z":1,"id":52}}, {"chip":{"x":10,"y":9,"z":1,"id":1}}, {"chip":{"x":8,"y":11,"z":2,"id":1}}, {"chip":{"x":10,"y":7,"z":2,"id":1}}, {"chip":{"x":10,"y":9,"z":2,"id":1}}, {"chip":{"x":8,"y":5,"z":1,"id":1}}, {"chip":{"x":3,"y":1,"z":1,"id":1}}, {"chip":{"x":3,"y":3,"z":1,"id":1}}, {"chip":{"x":5,"y":1,"z":1,"id":1}}, {"chip":{"x":5,"y":3,"z":1,"id":1}}, {"chip":{"x":6,"y":5,"z":1,"id":1}}, {"chip":{"x":7,"y":1,"z":1,"id":1}}, {"chip":{"x":7,"y":3,"z":1,"id":1}}, {"chip":{"x":9,"y":3,"z":1,"id":1}}, {"chip":{"x":1,"y":1,"z":2,"id":1}}, {"chip":{"x":3,"y":1,"z":2,"id":1}}, {"chip":{"x":4,"y":3,"z":2,"id":1}}, {"chip":{"x":5,"y":1,"z":2,"id":1}}, {"chip":{"x":6,"y":3,"z":2,"id":1}}, {"chip":{"x":7,"y":1,"z":2,"id":1}}, {"chip":{"x":7,"y":5,"z":2,"id":1}}, {"chip":{"x":8,"y":3,"z":2,"id":1}}, {"chip":{"x":8,"y":7,"z":1,"id":1}}, {"chip":{"x":8,"y":9,"z":1,"id":1}}, {"chip":{"x":8,"y":7,"z":2,"id":1}}, {"chip":{"x":8,"y":9,"z":2,"id":1}}
    ]
}