{
	"levelid":298,
    "width":9,
    "height":9,
    "targetCountTotal":137,
    "chips":[
 {"chip":{"x":13,"y":15,"z":1,"id":55}}, {"chip":{"x":11,"y":11,"z":1,"id":1}}, {"chip":{"x":11,"y":13,"z":1,"id":1}}, {"chip":{"x":13,"y":12,"z":1,"id":1}}, {"chip":{"x":15,"y":12,"z":1,"id":1}}, {"chip":{"x":15,"y":14,"z":1,"id":1}}, {"chip":{"x":17,"y":13,"z":1,"id":1}}, {"chip":{"x":11,"y":11,"z":2,"id":1}}, {"chip":{"x":11,"y":13,"z":2,"id":1}}, {"chip":{"x":13,"y":12,"z":2,"id":1}}, {"chip":{"x":15,"y":12,"z":2,"id":1}}, {"chip":{"x":15,"y":14,"z":2,"id":1}}, {"chip":{"x":17,"y":13,"z":2,"id":1}}, {"chip":{"x":11,"y":11,"z":3,"id":1}}, {"chip":{"x":11,"y":13,"z":3,"id":1}}, {"chip":{"x":13,"y":12,"z":3,"id":1}}, {"chip":{"x":5,"y":15,"z":1,"id":55}}, {"chip":{"x":9,"y":10,"z":1,"id":55}}, {"chip":{"x":9,"y":10,"z":2,"id":52}}, {"chip":{"x":13,"y":4,"z":2,"id":55}}, {"chip":{"x":9,"y":10,"z":3,"id":54}}, {"chip":{"x":9,"y":12,"z":3,"id":54}}, {"chip":{"x":7,"y":15,"z":1,"id":56}}, {"chip":{"x":13,"y":4,"z":4,"id":52}}, {"chip":{"x":1,"y":13,"z":1,"id":1}}, {"chip":{"x":3,"y":12,"z":1,"id":1}}, {"chip":{"x":3,"y":14,"z":1,"id":1}}, {"chip":{"x":5,"y":12,"z":1,"id":1}}, {"chip":{"x":7,"y":11,"z":1,"id":1}}, {"chip":{"x":7,"y":13,"z":1,"id":1}}, {"chip":{"x":9,"y":12,"z":1,"id":1}}, {"chip":{"x":11,"y":1,"z":1,"id":1}}, {"chip":{"x":11,"y":3,"z":1,"id":1}}, {"chip":{"x":11,"y":5,"z":1,"id":1}}, {"chip":{"x":11,"y":7,"z":1,"id":1}}, {"chip":{"x":11,"y":9,"z":1,"id":1}}, {"chip":{"x":13,"y":2,"z":1,"id":1}}, {"chip":{"x":13,"y":4,"z":1,"id":1}}, {"chip":{"x":13,"y":6,"z":1,"id":1}}, {"chip":{"x":15,"y":1,"z":1,"id":1}}, {"chip":{"x":15,"y":3,"z":1,"id":1}}, {"chip":{"x":15,"y":5,"z":1,"id":1}}, {"chip":{"x":15,"y":7,"z":1,"id":1}}, {"chip":{"x":1,"y":13,"z":2,"id":1}}, {"chip":{"x":3,"y":12,"z":2,"id":1}}, {"chip":{"x":3,"y":14,"z":2,"id":1}}, {"chip":{"x":5,"y":12,"z":2,"id":1}}, {"chip":{"x":7,"y":11,"z":2,"id":1}}, {"chip":{"x":7,"y":13,"z":2,"id":1}}, {"chip":{"x":9,"y":12,"z":2,"id":1}}, {"chip":{"x":11,"y":1,"z":2,"id":1}}, {"chip":{"x":11,"y":3,"z":2,"id":1}}, {"chip":{"x":11,"y":5,"z":2,"id":1}}, {"chip":{"x":11,"y":7,"z":2,"id":1}}, {"chip":{"x":11,"y":9,"z":2,"id":1}}, {"chip":{"x":13,"y":2,"z":2,"id":1}}, {"chip":{"x":13,"y":6,"z":2,"id":1}}, {"chip":{"x":15,"y":1,"z":2,"id":1}}, {"chip":{"x":15,"y":3,"z":2,"id":1}}, {"chip":{"x":15,"y":5,"z":2,"id":1}}, {"chip":{"x":15,"y":7,"z":2,"id":1}}, {"chip":{"x":5,"y":12,"z":3,"id":1}}, {"chip":{"x":7,"y":11,"z":3,"id":1}}, {"chip":{"x":7,"y":13,"z":3,"id":1}}, {"chip":{"x":11,"y":1,"z":3,"id":1}}, {"chip":{"x":11,"y":3,"z":3,"id":1}}, {"chip":{"x":11,"y":5,"z":3,"id":1}}, {"chip":{"x":11,"y":7,"z":3,"id":1}}, {"chip":{"x":11,"y":9,"z":3,"id":1}}, {"chip":{"x":13,"y":2,"z":3,"id":1}}, {"chip":{"x":13,"y":4,"z":3,"id":1}}, {"chip":{"x":13,"y":6,"z":3,"id":1}}, {"chip":{"x":15,"y":1,"z":3,"id":1}}, {"chip":{"x":15,"y":3,"z":3,"id":1}}, {"chip":{"x":15,"y":5,"z":3,"id":1}}, {"chip":{"x":15,"y":7,"z":3,"id":1}}, {"chip":{"x":9,"y":4,"z":1,"id":55}}, {"chip":{"x":5,"y":4,"z":2,"id":55}}, {"chip":{"x":9,"y":4,"z":2,"id":52}}, {"chip":{"x":9,"y":2,"z":3,"id":54}}, {"chip":{"x":9,"y":4,"z":3,"id":54}}, {"chip":{"x":9,"y":6,"z":3,"id":54}}, {"chip":{"x":9,"y":8,"z":3,"id":54}}, {"chip":{"x":5,"y":4,"z":4,"id":52}}, {"chip":{"x":11,"y":3,"z":4,"id":1}}, {"chip":{"x":11,"y":5,"z":4,"id":1}}, {"chip":{"x":13,"y":2,"z":4,"id":1}}, {"chip":{"x":13,"y":6,"z":4,"id":1}}, {"chip":{"x":15,"y":3,"z":4,"id":1}}, {"chip":{"x":15,"y":5,"z":4,"id":1}}, {"chip":{"x":3,"y":1,"z":1,"id":1}}, {"chip":{"x":3,"y":3,"z":1,"id":1}}, {"chip":{"x":3,"y":5,"z":1,"id":1}}, {"chip":{"x":3,"y":7,"z":1,"id":1}}, {"chip":{"x":5,"y":2,"z":1,"id":1}}, {"chip":{"x":5,"y":4,"z":1,"id":1}}, {"chip":{"x":5,"y":6,"z":1,"id":1}}, {"chip":{"x":7,"y":1,"z":1,"id":1}}, {"chip":{"x":7,"y":3,"z":1,"id":1}}, {"chip":{"x":7,"y":5,"z":1,"id":1}}, {"chip":{"x":7,"y":7,"z":1,"id":1}}, {"chip":{"x":7,"y":9,"z":1,"id":1}}, {"chip":{"x":9,"y":2,"z":1,"id":1}}, {"chip":{"x":9,"y":6,"z":1,"id":1}}, {"chip":{"x":9,"y":8,"z":1,"id":1}}, {"chip":{"x":3,"y":1,"z":2,"id":1}}, {"chip":{"x":3,"y":3,"z":2,"id":1}}, {"chip":{"x":3,"y":5,"z":2,"id":1}}, {"chip":{"x":3,"y":7,"z":2,"id":1}}, {"chip":{"x":5,"y":2,"z":2,"id":1}}, {"chip":{"x":5,"y":6,"z":2,"id":1}}, {"chip":{"x":7,"y":1,"z":2,"id":1}}, {"chip":{"x":7,"y":3,"z":2,"id":1}}, {"chip":{"x":7,"y":5,"z":2,"id":1}}, {"chip":{"x":7,"y":7,"z":2,"id":1}}, {"chip":{"x":7,"y":9,"z":2,"id":1}}, {"chip":{"x":9,"y":2,"z":2,"id":1}}, {"chip":{"x":9,"y":6,"z":2,"id":1}}, {"chip":{"x":9,"y":8,"z":2,"id":1}}, {"chip":{"x":3,"y":1,"z":3,"id":1}}, {"chip":{"x":3,"y":3,"z":3,"id":1}}, {"chip":{"x":3,"y":5,"z":3,"id":1}}, {"chip":{"x":3,"y":7,"z":3,"id":1}}, {"chip":{"x":5,"y":2,"z":3,"id":1}}, {"chip":{"x":5,"y":4,"z":3,"id":1}}, {"chip":{"x":5,"y":6,"z":3,"id":1}}, {"chip":{"x":7,"y":1,"z":3,"id":1}}, {"chip":{"x":7,"y":3,"z":3,"id":1}}, {"chip":{"x":7,"y":5,"z":3,"id":1}}, {"chip":{"x":7,"y":7,"z":3,"id":1}}, {"chip":{"x":7,"y":9,"z":3,"id":1}}, {"chip":{"x":3,"y":3,"z":4,"id":1}}, {"chip":{"x":3,"y":5,"z":4,"id":1}}, {"chip":{"x":5,"y":2,"z":4,"id":1}}, {"chip":{"x":5,"y":6,"z":4,"id":1}}, {"chip":{"x":7,"y":3,"z":4,"id":1}}, {"chip":{"x":7,"y":5,"z":4,"id":1}}
    ]
}