{
	"levelid":353,
    "width":9,
    "height":9,
    "targetCountTotal":139,
    "chips":[
 {"chip":{"x":10,"y":14,"z":1,"id":55}}, {"chip":{"x":12,"y":17,"z":2,"id":51}}, {"chip":{"x":10,"y":14,"z":3,"id":54}}, {"chip":{"x":12,"y":17,"z":4,"id":52}}, {"chip":{"x":10,"y":12,"z":1,"id":1}}, {"chip":{"x":10,"y":16,"z":1,"id":1}}, {"chip":{"x":12,"y":15,"z":1,"id":1}}, {"chip":{"x":12,"y":17,"z":1,"id":1}}, {"chip":{"x":13,"y":10,"z":1,"id":1}}, {"chip":{"x":13,"y":12,"z":1,"id":1}}, {"chip":{"x":14,"y":16,"z":1,"id":1}}, {"chip":{"x":16,"y":17,"z":1,"id":1}}, {"chip":{"x":10,"y":12,"z":2,"id":1}}, {"chip":{"x":10,"y":14,"z":2,"id":1}}, {"chip":{"x":10,"y":16,"z":2,"id":1}}, {"chip":{"x":12,"y":15,"z":2,"id":1}}, {"chip":{"x":13,"y":10,"z":2,"id":1}}, {"chip":{"x":13,"y":12,"z":2,"id":1}}, {"chip":{"x":14,"y":16,"z":2,"id":1}}, {"chip":{"x":16,"y":17,"z":2,"id":1}}, {"chip":{"x":10,"y":12,"z":3,"id":1}}, {"chip":{"x":10,"y":16,"z":3,"id":1}}, {"chip":{"x":12,"y":15,"z":3,"id":1}}, {"chip":{"x":12,"y":17,"z":3,"id":1}}, {"chip":{"x":13,"y":10,"z":3,"id":1}}, {"chip":{"x":13,"y":12,"z":3,"id":1}}, {"chip":{"x":14,"y":16,"z":3,"id":1}}, {"chip":{"x":16,"y":17,"z":3,"id":1}}, {"chip":{"x":12,"y":15,"z":4,"id":1}}, {"chip":{"x":13,"y":11,"z":4,"id":1}}, {"chip":{"x":14,"y":16,"z":4,"id":1}}, {"chip":{"x":16,"y":17,"z":4,"id":1}}, {"chip":{"x":8,"y":14,"z":1,"id":55}}, {"chip":{"x":10,"y":4,"z":1,"id":55}}, {"chip":{"x":13,"y":6,"z":1,"id":55}}, {"chip":{"x":6,"y":17,"z":2,"id":51}}, {"chip":{"x":8,"y":14,"z":3,"id":54}}, {"chip":{"x":10,"y":4,"z":3,"id":54}}, {"chip":{"x":6,"y":17,"z":4,"id":52}}, {"chip":{"x":2,"y":17,"z":1,"id":1}}, {"chip":{"x":4,"y":16,"z":1,"id":1}}, {"chip":{"x":5,"y":10,"z":1,"id":1}}, {"chip":{"x":5,"y":12,"z":1,"id":1}}, {"chip":{"x":6,"y":15,"z":1,"id":1}}, {"chip":{"x":6,"y":17,"z":1,"id":1}}, {"chip":{"x":8,"y":12,"z":1,"id":1}}, {"chip":{"x":8,"y":16,"z":1,"id":1}}, {"chip":{"x":10,"y":2,"z":1,"id":1}}, {"chip":{"x":10,"y":6,"z":1,"id":1}}, {"chip":{"x":12,"y":3,"z":1,"id":1}}, {"chip":{"x":13,"y":8,"z":1,"id":1}}, {"chip":{"x":14,"y":3,"z":1,"id":1}}, {"chip":{"x":16,"y":1,"z":1,"id":1}}, {"chip":{"x":16,"y":3,"z":1,"id":1}}, {"chip":{"x":16,"y":5,"z":1,"id":1}}, {"chip":{"x":2,"y":17,"z":2,"id":1}}, {"chip":{"x":4,"y":16,"z":2,"id":1}}, {"chip":{"x":5,"y":10,"z":2,"id":1}}, {"chip":{"x":5,"y":12,"z":2,"id":1}}, {"chip":{"x":6,"y":15,"z":2,"id":1}}, {"chip":{"x":8,"y":12,"z":2,"id":1}}, {"chip":{"x":8,"y":14,"z":2,"id":1}}, {"chip":{"x":8,"y":16,"z":2,"id":1}}, {"chip":{"x":10,"y":2,"z":2,"id":1}}, {"chip":{"x":10,"y":4,"z":2,"id":1}}, {"chip":{"x":10,"y":6,"z":2,"id":1}}, {"chip":{"x":12,"y":3,"z":2,"id":1}}, {"chip":{"x":13,"y":6,"z":2,"id":1}}, {"chip":{"x":13,"y":8,"z":2,"id":1}}, {"chip":{"x":14,"y":3,"z":2,"id":1}}, {"chip":{"x":16,"y":1,"z":2,"id":1}}, {"chip":{"x":16,"y":3,"z":2,"id":1}}, {"chip":{"x":16,"y":5,"z":2,"id":1}}, {"chip":{"x":2,"y":17,"z":3,"id":1}}, {"chip":{"x":4,"y":16,"z":3,"id":1}}, {"chip":{"x":5,"y":10,"z":3,"id":1}}, {"chip":{"x":5,"y":12,"z":3,"id":1}}, {"chip":{"x":6,"y":15,"z":3,"id":1}}, {"chip":{"x":6,"y":17,"z":3,"id":1}}, {"chip":{"x":8,"y":12,"z":3,"id":1}}, {"chip":{"x":8,"y":16,"z":3,"id":1}}, {"chip":{"x":10,"y":2,"z":3,"id":1}}, {"chip":{"x":10,"y":6,"z":3,"id":1}}, {"chip":{"x":12,"y":3,"z":3,"id":1}}, {"chip":{"x":13,"y":6,"z":3,"id":1}}, {"chip":{"x":13,"y":8,"z":3,"id":1}}, {"chip":{"x":14,"y":3,"z":3,"id":1}}, {"chip":{"x":16,"y":1,"z":3,"id":1}}, {"chip":{"x":16,"y":3,"z":3,"id":1}}, {"chip":{"x":16,"y":5,"z":3,"id":1}}, {"chip":{"x":2,"y":17,"z":4,"id":1}}, {"chip":{"x":4,"y":16,"z":4,"id":1}}, {"chip":{"x":5,"y":11,"z":4,"id":1}}, {"chip":{"x":6,"y":15,"z":4,"id":1}}, {"chip":{"x":12,"y":3,"z":4,"id":1}}, {"chip":{"x":13,"y":7,"z":4,"id":1}}, {"chip":{"x":13,"y":9,"z":4,"id":1}}, {"chip":{"x":14,"y":3,"z":4,"id":1}}, {"chip":{"x":16,"y":1,"z":4,"id":1}}, {"chip":{"x":16,"y":3,"z":4,"id":1}}, {"chip":{"x":16,"y":5,"z":4,"id":1}}, {"chip":{"x":5,"y":6,"z":1,"id":55}}, {"chip":{"x":8,"y":4,"z":1,"id":55}}, {"chip":{"x":8,"y":4,"z":3,"id":54}}, {"chip":{"x":7,"y":8,"z":1,"id":56}}, {"chip":{"x":2,"y":1,"z":1,"id":1}}, {"chip":{"x":2,"y":3,"z":1,"id":1}}, {"chip":{"x":2,"y":5,"z":1,"id":1}}, {"chip":{"x":4,"y":3,"z":1,"id":1}}, {"chip":{"x":5,"y":8,"z":1,"id":1}}, {"chip":{"x":6,"y":3,"z":1,"id":1}}, {"chip":{"x":8,"y":2,"z":1,"id":1}}, {"chip":{"x":8,"y":6,"z":1,"id":1}}, {"chip":{"x":2,"y":1,"z":2,"id":1}}, {"chip":{"x":2,"y":3,"z":2,"id":1}}, {"chip":{"x":2,"y":5,"z":2,"id":1}}, {"chip":{"x":4,"y":3,"z":2,"id":1}}, {"chip":{"x":5,"y":6,"z":2,"id":1}}, {"chip":{"x":5,"y":8,"z":2,"id":1}}, {"chip":{"x":6,"y":3,"z":2,"id":1}}, {"chip":{"x":8,"y":2,"z":2,"id":1}}, {"chip":{"x":8,"y":4,"z":2,"id":1}}, {"chip":{"x":8,"y":6,"z":2,"id":1}}, {"chip":{"x":2,"y":1,"z":3,"id":1}}, {"chip":{"x":2,"y":3,"z":3,"id":1}}, {"chip":{"x":2,"y":5,"z":3,"id":1}}, {"chip":{"x":4,"y":3,"z":3,"id":1}}, {"chip":{"x":5,"y":6,"z":3,"id":1}}, {"chip":{"x":5,"y":8,"z":3,"id":1}}, {"chip":{"x":6,"y":3,"z":3,"id":1}}, {"chip":{"x":8,"y":2,"z":3,"id":1}}, {"chip":{"x":8,"y":6,"z":3,"id":1}}, {"chip":{"x":2,"y":1,"z":4,"id":1}}, {"chip":{"x":2,"y":3,"z":4,"id":1}}, {"chip":{"x":2,"y":5,"z":4,"id":1}}, {"chip":{"x":4,"y":3,"z":4,"id":1}}, {"chip":{"x":5,"y":7,"z":4,"id":1}}, {"chip":{"x":5,"y":9,"z":4,"id":1}}, {"chip":{"x":6,"y":3,"z":4,"id":1}}
    ]
}