{
	"levelid":354,
    "width":9,
    "height":9,
    "targetCountTotal":144,
    "chips":[
 {"chip":{"x":10,"y":12,"z":1,"id":1}}, {"chip":{"x":10,"y":16,"z":1,"id":1}}, {"chip":{"x":12,"y":11,"z":1,"id":1}}, {"chip":{"x":12,"y":17,"z":1,"id":1}}, {"chip":{"x":13,"y":14,"z":1,"id":54}}, {"chip":{"x":14,"y":11,"z":1,"id":1}}, {"chip":{"x":14,"y":17,"z":1,"id":1}}, {"chip":{"x":16,"y":12,"z":1,"id":1}}, {"chip":{"x":16,"y":16,"z":1,"id":1}}, {"chip":{"x":17,"y":14,"z":1,"id":1}}, {"chip":{"x":10,"y":12,"z":2,"id":54}}, {"chip":{"x":10,"y":16,"z":2,"id":1}}, {"chip":{"x":12,"y":11,"z":2,"id":1}}, {"chip":{"x":12,"y":17,"z":2,"id":1}}, {"chip":{"x":13,"y":14,"z":2,"id":1}}, {"chip":{"x":14,"y":11,"z":2,"id":1}}, {"chip":{"x":14,"y":17,"z":2,"id":1}}, {"chip":{"x":16,"y":12,"z":2,"id":1}}, {"chip":{"x":16,"y":16,"z":2,"id":1}}, {"chip":{"x":17,"y":14,"z":2,"id":1}}, {"chip":{"x":10,"y":12,"z":3,"id":1}}, {"chip":{"x":10,"y":16,"z":3,"id":1}}, {"chip":{"x":12,"y":11,"z":3,"id":1}}, {"chip":{"x":12,"y":17,"z":3,"id":1}}, {"chip":{"x":13,"y":14,"z":3,"id":54}}, {"chip":{"x":14,"y":11,"z":3,"id":1}}, {"chip":{"x":14,"y":17,"z":3,"id":1}}, {"chip":{"x":16,"y":12,"z":3,"id":1}}, {"chip":{"x":16,"y":16,"z":3,"id":1}}, {"chip":{"x":17,"y":14,"z":3,"id":1}}, {"chip":{"x":12,"y":11,"z":4,"id":1}}, {"chip":{"x":14,"y":11,"z":4,"id":1}}, {"chip":{"x":1,"y":14,"z":1,"id":1}}, {"chip":{"x":2,"y":12,"z":1,"id":1}}, {"chip":{"x":2,"y":16,"z":1,"id":1}}, {"chip":{"x":4,"y":11,"z":1,"id":1}}, {"chip":{"x":4,"y":17,"z":1,"id":1}}, {"chip":{"x":5,"y":14,"z":1,"id":54}}, {"chip":{"x":6,"y":11,"z":1,"id":1}}, {"chip":{"x":6,"y":17,"z":1,"id":1}}, {"chip":{"x":8,"y":12,"z":1,"id":1}}, {"chip":{"x":8,"y":16,"z":1,"id":1}}, {"chip":{"x":9,"y":14,"z":1,"id":54}}, {"chip":{"x":10,"y":2,"z":1,"id":1}}, {"chip":{"x":10,"y":6,"z":1,"id":1}}, {"chip":{"x":12,"y":1,"z":1,"id":1}}, {"chip":{"x":12,"y":7,"z":1,"id":1}}, {"chip":{"x":13,"y":4,"z":1,"id":54}}, {"chip":{"x":13,"y":9,"z":1,"id":1}}, {"chip":{"x":14,"y":1,"z":1,"id":1}}, {"chip":{"x":14,"y":7,"z":1,"id":1}}, {"chip":{"x":16,"y":2,"z":1,"id":1}}, {"chip":{"x":16,"y":6,"z":1,"id":1}}, {"chip":{"x":17,"y":4,"z":1,"id":1}}, {"chip":{"x":1,"y":14,"z":2,"id":1}}, {"chip":{"x":2,"y":12,"z":2,"id":1}}, {"chip":{"x":2,"y":16,"z":2,"id":1}}, {"chip":{"x":4,"y":11,"z":2,"id":1}}, {"chip":{"x":4,"y":17,"z":2,"id":1}}, {"chip":{"x":5,"y":14,"z":2,"id":1}}, {"chip":{"x":6,"y":11,"z":2,"id":1}}, {"chip":{"x":6,"y":17,"z":2,"id":1}}, {"chip":{"x":8,"y":12,"z":2,"id":54}}, {"chip":{"x":8,"y":16,"z":2,"id":1}}, {"chip":{"x":9,"y":14,"z":2,"id":1}}, {"chip":{"x":10,"y":2,"z":2,"id":1}}, {"chip":{"x":10,"y":6,"z":2,"id":54}}, {"chip":{"x":12,"y":1,"z":2,"id":1}}, {"chip":{"x":12,"y":7,"z":2,"id":1}}, {"chip":{"x":13,"y":4,"z":2,"id":1}}, {"chip":{"x":13,"y":9,"z":2,"id":1}}, {"chip":{"x":14,"y":1,"z":2,"id":1}}, {"chip":{"x":14,"y":7,"z":2,"id":1}}, {"chip":{"x":16,"y":2,"z":2,"id":1}}, {"chip":{"x":16,"y":6,"z":2,"id":1}}, {"chip":{"x":17,"y":4,"z":2,"id":1}}, {"chip":{"x":1,"y":14,"z":3,"id":1}}, {"chip":{"x":2,"y":12,"z":3,"id":1}}, {"chip":{"x":2,"y":16,"z":3,"id":1}}, {"chip":{"x":4,"y":11,"z":3,"id":1}}, {"chip":{"x":4,"y":17,"z":3,"id":1}}, {"chip":{"x":5,"y":14,"z":3,"id":54}}, {"chip":{"x":6,"y":11,"z":3,"id":1}}, {"chip":{"x":6,"y":17,"z":3,"id":1}}, {"chip":{"x":8,"y":12,"z":3,"id":1}}, {"chip":{"x":8,"y":16,"z":3,"id":1}}, {"chip":{"x":9,"y":14,"z":3,"id":1}}, {"chip":{"x":10,"y":2,"z":3,"id":1}}, {"chip":{"x":10,"y":6,"z":3,"id":1}}, {"chip":{"x":12,"y":1,"z":3,"id":1}}, {"chip":{"x":12,"y":7,"z":3,"id":1}}, {"chip":{"x":13,"y":4,"z":3,"id":54}}, {"chip":{"x":13,"y":9,"z":3,"id":1}}, {"chip":{"x":14,"y":1,"z":3,"id":1}}, {"chip":{"x":14,"y":7,"z":3,"id":1}}, {"chip":{"x":16,"y":2,"z":3,"id":1}}, {"chip":{"x":16,"y":6,"z":3,"id":1}}, {"chip":{"x":17,"y":4,"z":3,"id":1}}, {"chip":{"x":4,"y":11,"z":4,"id":1}}, {"chip":{"x":6,"y":11,"z":4,"id":1}}, {"chip":{"x":12,"y":7,"z":4,"id":1}}, {"chip":{"x":13,"y":9,"z":4,"id":1}}, {"chip":{"x":14,"y":7,"z":4,"id":1}}, {"chip":{"x":1,"y":4,"z":1,"id":1}}, {"chip":{"x":2,"y":2,"z":1,"id":1}}, {"chip":{"x":2,"y":6,"z":1,"id":1}}, {"chip":{"x":4,"y":1,"z":1,"id":1}}, {"chip":{"x":4,"y":7,"z":1,"id":1}}, {"chip":{"x":5,"y":4,"z":1,"id":54}}, {"chip":{"x":5,"y":9,"z":1,"id":1}}, {"chip":{"x":6,"y":1,"z":1,"id":1}}, {"chip":{"x":6,"y":7,"z":1,"id":1}}, {"chip":{"x":8,"y":2,"z":1,"id":1}}, {"chip":{"x":8,"y":6,"z":1,"id":1}}, {"chip":{"x":9,"y":4,"z":1,"id":54}}, {"chip":{"x":9,"y":9,"z":1,"id":54}}, {"chip":{"x":1,"y":4,"z":2,"id":1}}, {"chip":{"x":2,"y":2,"z":2,"id":1}}, {"chip":{"x":2,"y":6,"z":2,"id":1}}, {"chip":{"x":4,"y":1,"z":2,"id":1}}, {"chip":{"x":4,"y":7,"z":2,"id":1}}, {"chip":{"x":5,"y":4,"z":2,"id":1}}, {"chip":{"x":5,"y":9,"z":2,"id":1}}, {"chip":{"x":6,"y":1,"z":2,"id":1}}, {"chip":{"x":6,"y":7,"z":2,"id":1}}, {"chip":{"x":8,"y":2,"z":2,"id":1}}, {"chip":{"x":8,"y":6,"z":2,"id":54}}, {"chip":{"x":9,"y":4,"z":2,"id":1}}, {"chip":{"x":9,"y":9,"z":2,"id":54}}, {"chip":{"x":1,"y":4,"z":3,"id":1}}, {"chip":{"x":2,"y":2,"z":3,"id":1}}, {"chip":{"x":2,"y":6,"z":3,"id":1}}, {"chip":{"x":4,"y":1,"z":3,"id":1}}, {"chip":{"x":4,"y":7,"z":3,"id":1}}, {"chip":{"x":5,"y":4,"z":3,"id":54}}, {"chip":{"x":5,"y":9,"z":3,"id":1}}, {"chip":{"x":6,"y":1,"z":3,"id":1}}, {"chip":{"x":6,"y":7,"z":3,"id":1}}, {"chip":{"x":8,"y":2,"z":3,"id":1}}, {"chip":{"x":8,"y":6,"z":3,"id":1}}, {"chip":{"x":9,"y":4,"z":3,"id":1}}, {"chip":{"x":4,"y":7,"z":4,"id":1}}, {"chip":{"x":5,"y":9,"z":4,"id":1}}, {"chip":{"x":6,"y":7,"z":4,"id":1}}
    ]
}