{
	"levelid":375,
    "width":9,
    "height":9,
    "targetCountTotal":149,
    "chips":[
 {"chip":{"x":11,"y":13,"z":1,"id":54}}, {"chip":{"x":11,"y":13,"z":4,"id":54}}, {"chip":{"x":17,"y":11,"z":1,"id":58}}, {"chip":{"x":11,"y":11,"z":1,"id":1}}, {"chip":{"x":11,"y":15,"z":1,"id":1}}, {"chip":{"x":13,"y":11,"z":1,"id":1}}, {"chip":{"x":13,"y":13,"z":1,"id":1}}, {"chip":{"x":15,"y":11,"z":1,"id":1}}, {"chip":{"x":11,"y":11,"z":2,"id":1}}, {"chip":{"x":11,"y":13,"z":2,"id":1}}, {"chip":{"x":11,"y":15,"z":2,"id":1}}, {"chip":{"x":13,"y":11,"z":2,"id":1}}, {"chip":{"x":13,"y":13,"z":2,"id":1}}, {"chip":{"x":15,"y":11,"z":2,"id":1}}, {"chip":{"x":11,"y":11,"z":3,"id":1}}, {"chip":{"x":11,"y":13,"z":3,"id":1}}, {"chip":{"x":11,"y":15,"z":3,"id":1}}, {"chip":{"x":13,"y":11,"z":3,"id":1}}, {"chip":{"x":13,"y":13,"z":3,"id":1}}, {"chip":{"x":15,"y":11,"z":3,"id":1}}, {"chip":{"x":11,"y":15,"z":4,"id":1}}, {"chip":{"x":13,"y":11,"z":4,"id":1}}, {"chip":{"x":13,"y":13,"z":4,"id":1}}, {"chip":{"x":15,"y":11,"z":4,"id":1}}, {"chip":{"x":11,"y":15,"z":5,"id":1}}, {"chip":{"x":13,"y":13,"z":5,"id":1}}, {"chip":{"x":15,"y":11,"z":5,"id":1}}, {"chip":{"x":7,"y":13,"z":1,"id":54}}, {"chip":{"x":9,"y":13,"z":1,"id":54}}, {"chip":{"x":9,"y":15,"z":1,"id":54}}, {"chip":{"x":11,"y":5,"z":1,"id":54}}, {"chip":{"x":9,"y":11,"z":2,"id":52}}, {"chip":{"x":7,"y":13,"z":4,"id":54}}, {"chip":{"x":9,"y":13,"z":4,"id":54}}, {"chip":{"x":9,"y":15,"z":4,"id":54}}, {"chip":{"x":11,"y":5,"z":4,"id":54}}, {"chip":{"x":1,"y":11,"z":1,"id":57}}, {"chip":{"x":17,"y":7,"z":1,"id":58}}, {"chip":{"x":3,"y":11,"z":1,"id":1}}, {"chip":{"x":5,"y":11,"z":1,"id":1}}, {"chip":{"x":5,"y":13,"z":1,"id":1}}, {"chip":{"x":7,"y":11,"z":1,"id":1}}, {"chip":{"x":7,"y":15,"z":1,"id":1}}, {"chip":{"x":9,"y":11,"z":1,"id":1}}, {"chip":{"x":9,"y":17,"z":1,"id":1}}, {"chip":{"x":11,"y":3,"z":1,"id":1}}, {"chip":{"x":11,"y":7,"z":1,"id":1}}, {"chip":{"x":11,"y":9,"z":1,"id":1}}, {"chip":{"x":13,"y":5,"z":1,"id":1}}, {"chip":{"x":13,"y":7,"z":1,"id":1}}, {"chip":{"x":13,"y":9,"z":1,"id":1}}, {"chip":{"x":15,"y":7,"z":1,"id":1}}, {"chip":{"x":15,"y":9,"z":1,"id":1}}, {"chip":{"x":3,"y":11,"z":2,"id":1}}, {"chip":{"x":5,"y":11,"z":2,"id":1}}, {"chip":{"x":5,"y":13,"z":2,"id":1}}, {"chip":{"x":7,"y":11,"z":2,"id":1}}, {"chip":{"x":7,"y":13,"z":2,"id":1}}, {"chip":{"x":7,"y":15,"z":2,"id":1}}, {"chip":{"x":9,"y":13,"z":2,"id":1}}, {"chip":{"x":9,"y":15,"z":2,"id":1}}, {"chip":{"x":9,"y":17,"z":2,"id":1}}, {"chip":{"x":11,"y":3,"z":2,"id":1}}, {"chip":{"x":11,"y":5,"z":2,"id":1}}, {"chip":{"x":11,"y":7,"z":2,"id":1}}, {"chip":{"x":12,"y":9,"z":2,"id":1}}, {"chip":{"x":13,"y":5,"z":2,"id":1}}, {"chip":{"x":13,"y":7,"z":2,"id":1}}, {"chip":{"x":14,"y":9,"z":2,"id":1}}, {"chip":{"x":15,"y":7,"z":2,"id":1}}, {"chip":{"x":3,"y":11,"z":3,"id":1}}, {"chip":{"x":5,"y":11,"z":3,"id":1}}, {"chip":{"x":5,"y":13,"z":3,"id":1}}, {"chip":{"x":7,"y":11,"z":3,"id":1}}, {"chip":{"x":7,"y":13,"z":3,"id":1}}, {"chip":{"x":7,"y":15,"z":3,"id":1}}, {"chip":{"x":9,"y":13,"z":3,"id":1}}, {"chip":{"x":9,"y":15,"z":3,"id":1}}, {"chip":{"x":9,"y":17,"z":3,"id":1}}, {"chip":{"x":11,"y":3,"z":3,"id":1}}, {"chip":{"x":11,"y":5,"z":3,"id":1}}, {"chip":{"x":11,"y":7,"z":3,"id":1}}, {"chip":{"x":13,"y":5,"z":3,"id":1}}, {"chip":{"x":13,"y":7,"z":3,"id":1}}, {"chip":{"x":15,"y":7,"z":3,"id":1}}, {"chip":{"x":3,"y":11,"z":4,"id":1}}, {"chip":{"x":5,"y":11,"z":4,"id":1}}, {"chip":{"x":5,"y":13,"z":4,"id":1}}, {"chip":{"x":7,"y":15,"z":4,"id":1}}, {"chip":{"x":9,"y":17,"z":4,"id":1}}, {"chip":{"x":11,"y":3,"z":4,"id":1}}, {"chip":{"x":13,"y":5,"z":4,"id":1}}, {"chip":{"x":13,"y":7,"z":4,"id":1}}, {"chip":{"x":15,"y":7,"z":4,"id":1}}, {"chip":{"x":3,"y":11,"z":5,"id":1}}, {"chip":{"x":5,"y":13,"z":5,"id":1}}, {"chip":{"x":7,"y":15,"z":5,"id":1}}, {"chip":{"x":9,"y":17,"z":5,"id":1}}, {"chip":{"x":11,"y":3,"z":5,"id":1}}, {"chip":{"x":13,"y":5,"z":5,"id":1}}, {"chip":{"x":15,"y":7,"z":5,"id":1}}, {"chip":{"x":7,"y":5,"z":1,"id":54}}, {"chip":{"x":9,"y":3,"z":1,"id":54}}, {"chip":{"x":9,"y":5,"z":1,"id":54}}, {"chip":{"x":9,"y":7,"z":2,"id":52}}, {"chip":{"x":7,"y":5,"z":4,"id":54}}, {"chip":{"x":9,"y":3,"z":4,"id":54}}, {"chip":{"x":9,"y":5,"z":4,"id":54}}, {"chip":{"x":1,"y":7,"z":1,"id":57}}, {"chip":{"x":9,"y":9,"z":1,"id":52}}, {"chip":{"x":3,"y":7,"z":1,"id":1}}, {"chip":{"x":3,"y":9,"z":1,"id":1}}, {"chip":{"x":5,"y":5,"z":1,"id":1}}, {"chip":{"x":5,"y":7,"z":1,"id":1}}, {"chip":{"x":5,"y":9,"z":1,"id":1}}, {"chip":{"x":7,"y":3,"z":1,"id":1}}, {"chip":{"x":7,"y":7,"z":1,"id":1}}, {"chip":{"x":7,"y":9,"z":1,"id":1}}, {"chip":{"x":9,"y":1,"z":1,"id":1}}, {"chip":{"x":9,"y":7,"z":1,"id":1}}, {"chip":{"x":3,"y":7,"z":2,"id":1}}, {"chip":{"x":4,"y":9,"z":2,"id":1}}, {"chip":{"x":5,"y":5,"z":2,"id":1}}, {"chip":{"x":5,"y":7,"z":2,"id":1}}, {"chip":{"x":6,"y":9,"z":2,"id":1}}, {"chip":{"x":7,"y":3,"z":2,"id":1}}, {"chip":{"x":7,"y":5,"z":2,"id":1}}, {"chip":{"x":7,"y":7,"z":2,"id":1}}, {"chip":{"x":9,"y":1,"z":2,"id":1}}, {"chip":{"x":9,"y":3,"z":2,"id":1}}, {"chip":{"x":9,"y":5,"z":2,"id":1}}, {"chip":{"x":3,"y":7,"z":3,"id":1}}, {"chip":{"x":5,"y":5,"z":3,"id":1}}, {"chip":{"x":5,"y":7,"z":3,"id":1}}, {"chip":{"x":7,"y":3,"z":3,"id":1}}, {"chip":{"x":7,"y":5,"z":3,"id":1}}, {"chip":{"x":7,"y":7,"z":3,"id":1}}, {"chip":{"x":9,"y":1,"z":3,"id":1}}, {"chip":{"x":9,"y":3,"z":3,"id":1}}, {"chip":{"x":9,"y":5,"z":3,"id":1}}, {"chip":{"x":3,"y":7,"z":4,"id":1}}, {"chip":{"x":5,"y":5,"z":4,"id":1}}, {"chip":{"x":5,"y":7,"z":4,"id":1}}, {"chip":{"x":7,"y":3,"z":4,"id":1}}, {"chip":{"x":9,"y":1,"z":4,"id":1}}, {"chip":{"x":3,"y":7,"z":5,"id":1}}, {"chip":{"x":5,"y":5,"z":5,"id":1}}, {"chip":{"x":7,"y":3,"z":5,"id":1}}, {"chip":{"x":9,"y":1,"z":5,"id":1}}
    ]
}