{
	"levelid":362,
    "width":9,
    "height":9,
    "targetCountTotal":26,
    "chips":[
 {"chip":{"x":13,"y":13,"z":1,"id":1}}, {"chip":{"x":11,"y":10,"z":1,"id":1}}, {"chip":{"x":11,"y":13,"z":1,"id":1}}, {"chip":{"x":13,"y":10,"z":1,"id":1}}, {"chip":{"x":15,"y":4,"z":1,"id":58}}, {"chip":{"x":15,"y":9,"z":1,"id":58}}, {"chip":{"x":15,"y":13,"z":1,"id":1}}, {"chip":{"x":5,"y":13,"z":1,"id":1}}, {"chip":{"x":13,"y":3,"z":1,"id":1}}, {"chip":{"x":13,"y":5,"z":1,"id":1}}, {"chip":{"x":5,"y":4,"z":1,"id":57}}, {"chip":{"x":5,"y":9,"z":1,"id":57}}, {"chip":{"x":7,"y":10,"z":1,"id":1}}, {"chip":{"x":7,"y":13,"z":1,"id":1}}, {"chip":{"x":9,"y":10,"z":1,"id":1}}, {"chip":{"x":9,"y":13,"z":1,"id":1}}, {"chip":{"x":11,"y":3,"z":1,"id":1}}, {"chip":{"x":11,"y":5,"z":1,"id":1}}, {"chip":{"x":11,"y":8,"z":1,"id":1}}, {"chip":{"x":13,"y":8,"z":1,"id":1}}, {"chip":{"x":7,"y":3,"z":1,"id":1}}, {"chip":{"x":7,"y":5,"z":1,"id":1}}, {"chip":{"x":7,"y":8,"z":1,"id":1}}, {"chip":{"x":9,"y":3,"z":1,"id":1}}, {"chip":{"x":9,"y":5,"z":1,"id":1}}, {"chip":{"x":9,"y":8,"z":1,"id":1}}
    ]
}