{
	"levelid":305,
    "width":9,
    "height":9,
    "targetCountTotal":135,
    "chips":[
 {"chip":{"x":10,"y":14,"z":1,"id":55}}, {"chip":{"x":10,"y":16,"z":2,"id":51}}, {"chip":{"x":14,"y":11,"z":2,"id":54}}, {"chip":{"x":10,"y":12,"z":3,"id":54}}, {"chip":{"x":12,"y":12,"z":3,"id":54}}, {"chip":{"x":14,"y":13,"z":1,"id":1}}, {"chip":{"x":10,"y":12,"z":1,"id":1}}, {"chip":{"x":10,"y":16,"z":1,"id":1}}, {"chip":{"x":12,"y":12,"z":1,"id":1}}, {"chip":{"x":12,"y":14,"z":1,"id":1}}, {"chip":{"x":12,"y":16,"z":1,"id":1}}, {"chip":{"x":14,"y":11,"z":1,"id":1}}, {"chip":{"x":14,"y":15,"z":1,"id":1}}, {"chip":{"x":14,"y":17,"z":1,"id":1}}, {"chip":{"x":16,"y":11,"z":1,"id":1}}, {"chip":{"x":16,"y":13,"z":1,"id":1}}, {"chip":{"x":16,"y":15,"z":1,"id":1}}, {"chip":{"x":16,"y":17,"z":1,"id":1}}, {"chip":{"x":10,"y":12,"z":2,"id":1}}, {"chip":{"x":10,"y":14,"z":2,"id":1}}, {"chip":{"x":12,"y":12,"z":2,"id":1}}, {"chip":{"x":12,"y":14,"z":2,"id":1}}, {"chip":{"x":12,"y":16,"z":2,"id":1}}, {"chip":{"x":14,"y":13,"z":2,"id":1}}, {"chip":{"x":14,"y":15,"z":2,"id":1}}, {"chip":{"x":14,"y":17,"z":2,"id":1}}, {"chip":{"x":16,"y":11,"z":2,"id":1}}, {"chip":{"x":16,"y":13,"z":2,"id":1}}, {"chip":{"x":16,"y":15,"z":2,"id":1}}, {"chip":{"x":16,"y":17,"z":2,"id":1}}, {"chip":{"x":10,"y":14,"z":3,"id":1}}, {"chip":{"x":10,"y":16,"z":3,"id":1}}, {"chip":{"x":12,"y":14,"z":3,"id":1}}, {"chip":{"x":12,"y":16,"z":3,"id":1}}, {"chip":{"x":8,"y":14,"z":1,"id":55}}, {"chip":{"x":10,"y":4,"z":1,"id":55}}, {"chip":{"x":16,"y":9,"z":1,"id":55}}, {"chip":{"x":4,"y":11,"z":2,"id":54}}, {"chip":{"x":8,"y":16,"z":2,"id":51}}, {"chip":{"x":14,"y":7,"z":2,"id":54}}, {"chip":{"x":14,"y":9,"z":2,"id":54}}, {"chip":{"x":6,"y":12,"z":3,"id":54}}, {"chip":{"x":8,"y":12,"z":3,"id":54}}, {"chip":{"x":10,"y":4,"z":3,"id":51}}, {"chip":{"x":10,"y":6,"z":3,"id":54}}, {"chip":{"x":12,"y":6,"z":3,"id":54}}, {"chip":{"x":4,"y":13,"z":1,"id":1}}, {"chip":{"x":12,"y":6,"z":1,"id":1}}, {"chip":{"x":2,"y":11,"z":1,"id":1}}, {"chip":{"x":2,"y":13,"z":1,"id":1}}, {"chip":{"x":2,"y":15,"z":1,"id":1}}, {"chip":{"x":2,"y":17,"z":1,"id":1}}, {"chip":{"x":4,"y":11,"z":1,"id":1}}, {"chip":{"x":4,"y":15,"z":1,"id":1}}, {"chip":{"x":4,"y":17,"z":1,"id":1}}, {"chip":{"x":6,"y":12,"z":1,"id":1}}, {"chip":{"x":6,"y":14,"z":1,"id":1}}, {"chip":{"x":6,"y":16,"z":1,"id":1}}, {"chip":{"x":8,"y":12,"z":1,"id":1}}, {"chip":{"x":8,"y":16,"z":1,"id":1}}, {"chip":{"x":10,"y":2,"z":1,"id":1}}, {"chip":{"x":10,"y":6,"z":1,"id":1}}, {"chip":{"x":12,"y":2,"z":1,"id":1}}, {"chip":{"x":12,"y":4,"z":1,"id":1}}, {"chip":{"x":14,"y":1,"z":1,"id":1}}, {"chip":{"x":14,"y":5,"z":1,"id":1}}, {"chip":{"x":14,"y":7,"z":1,"id":1}}, {"chip":{"x":14,"y":9,"z":1,"id":1}}, {"chip":{"x":16,"y":5,"z":1,"id":1}}, {"chip":{"x":16,"y":7,"z":1,"id":1}}, {"chip":{"x":2,"y":11,"z":2,"id":1}}, {"chip":{"x":2,"y":13,"z":2,"id":1}}, {"chip":{"x":2,"y":15,"z":2,"id":1}}, {"chip":{"x":2,"y":17,"z":2,"id":1}}, {"chip":{"x":4,"y":13,"z":2,"id":1}}, {"chip":{"x":4,"y":15,"z":2,"id":1}}, {"chip":{"x":4,"y":17,"z":2,"id":1}}, {"chip":{"x":6,"y":12,"z":2,"id":1}}, {"chip":{"x":6,"y":14,"z":2,"id":1}}, {"chip":{"x":6,"y":16,"z":2,"id":1}}, {"chip":{"x":8,"y":12,"z":2,"id":1}}, {"chip":{"x":8,"y":14,"z":2,"id":1}}, {"chip":{"x":12,"y":6,"z":2,"id":1}}, {"chip":{"x":14,"y":5,"z":2,"id":1}}, {"chip":{"x":16,"y":5,"z":2,"id":1}}, {"chip":{"x":16,"y":7,"z":2,"id":1}}, {"chip":{"x":16,"y":9,"z":2,"id":1}}, {"chip":{"x":6,"y":14,"z":3,"id":1}}, {"chip":{"x":6,"y":16,"z":3,"id":1}}, {"chip":{"x":8,"y":14,"z":3,"id":1}}, {"chip":{"x":8,"y":16,"z":3,"id":1}}, {"chip":{"x":2,"y":9,"z":1,"id":55}}, {"chip":{"x":8,"y":4,"z":1,"id":55}}, {"chip":{"x":4,"y":7,"z":2,"id":54}}, {"chip":{"x":4,"y":9,"z":2,"id":54}}, {"chip":{"x":7,"y":8,"z":1,"id":56}}, {"chip":{"x":10,"y":2,"z":2,"id":1}}, {"chip":{"x":10,"y":4,"z":2,"id":1}}, {"chip":{"x":10,"y":6,"z":2,"id":1}}, {"chip":{"x":12,"y":2,"z":2,"id":1}}, {"chip":{"x":12,"y":4,"z":2,"id":1}}, {"chip":{"x":14,"y":1,"z":2,"id":1}}, {"chip":{"x":6,"y":6,"z":3,"id":54}}, {"chip":{"x":8,"y":4,"z":3,"id":51}}, {"chip":{"x":8,"y":6,"z":3,"id":54}}, {"chip":{"x":10,"y":2,"z":3,"id":1}}, {"chip":{"x":12,"y":2,"z":3,"id":1}}, {"chip":{"x":12,"y":4,"z":3,"id":1}}, {"chip":{"x":14,"y":1,"z":3,"id":1}}, {"chip":{"x":6,"y":6,"z":1,"id":1}}, {"chip":{"x":2,"y":5,"z":1,"id":1}}, {"chip":{"x":2,"y":7,"z":1,"id":1}}, {"chip":{"x":4,"y":1,"z":1,"id":1}}, {"chip":{"x":4,"y":5,"z":1,"id":1}}, {"chip":{"x":4,"y":7,"z":1,"id":1}}, {"chip":{"x":4,"y":9,"z":1,"id":1}}, {"chip":{"x":6,"y":2,"z":1,"id":1}}, {"chip":{"x":6,"y":4,"z":1,"id":1}}, {"chip":{"x":8,"y":2,"z":1,"id":1}}, {"chip":{"x":8,"y":6,"z":1,"id":1}}, {"chip":{"x":2,"y":5,"z":2,"id":1}}, {"chip":{"x":2,"y":7,"z":2,"id":1}}, {"chip":{"x":2,"y":9,"z":2,"id":1}}, {"chip":{"x":4,"y":5,"z":2,"id":1}}, {"chip":{"x":6,"y":6,"z":2,"id":1}}, {"chip":{"x":4,"y":1,"z":2,"id":1}}, {"chip":{"x":6,"y":2,"z":2,"id":1}}, {"chip":{"x":6,"y":4,"z":2,"id":1}}, {"chip":{"x":8,"y":2,"z":2,"id":1}}, {"chip":{"x":8,"y":4,"z":2,"id":1}}, {"chip":{"x":8,"y":6,"z":2,"id":1}}, {"chip":{"x":4,"y":1,"z":3,"id":1}}, {"chip":{"x":6,"y":2,"z":3,"id":1}}, {"chip":{"x":6,"y":4,"z":3,"id":1}}, {"chip":{"x":8,"y":2,"z":3,"id":1}}
    ]
}