{
	"levelid":124,
    "width":9,
    "height":9,
    "targetCountTotal":112,
    "chips":[
 {"chip":{"x":10,"y":16,"z":1,"id":1}},
 {"chip":{"x":11,"y":11,"z":1,"id":1}},
 {"chip":{"x":11,"y":14,"z":1,"id":1}},
 {"chip":{"x":12,"y":16,"z":1,"id":1}},
 {"chip":{"x":13,"y":14,"z":1,"id":1}},
 {"chip":{"x":15,"y":11,"z":1,"id":1}},
 {"chip":{"x":15,"y":15,"z":1,"id":1}},
 {"chip":{"x":16,"y":13,"z":1,"id":1}},
 {"chip":{"x":17,"y":16,"z":1,"id":1}},
 {"chip":{"x":10,"y":16,"z":2,"id":1}},
 {"chip":{"x":11,"y":11,"z":2,"id":1}},
 {"chip":{"x":11,"y":14,"z":2,"id":1}},
 {"chip":{"x":12,"y":16,"z":2,"id":1}},
 {"chip":{"x":13,"y":14,"z":2,"id":1}},
 {"chip":{"x":15,"y":11,"z":2,"id":1}},
 {"chip":{"x":15,"y":15,"z":2,"id":1}},
 {"chip":{"x":16,"y":13,"z":2,"id":1}},
 {"chip":{"x":17,"y":16,"z":2,"id":1}},
 {"chip":{"x":10,"y":16,"z":3,"id":1}},
 {"chip":{"x":11,"y":11,"z":3,"id":1}},
 {"chip":{"x":12,"y":16,"z":3,"id":1}},
 {"chip":{"x":15,"y":11,"z":3,"id":1}},
 {"chip":{"x":15,"y":15,"z":3,"id":1}},
 {"chip":{"x":16,"y":13,"z":3,"id":1}},
 {"chip":{"x":17,"y":16,"z":3,"id":1}},
 {"chip":{"x":10,"y":14,"z":4,"id":1}},
 {"chip":{"x":10,"y":16,"z":4,"id":1}},
 {"chip":{"x":11,"y":11,"z":4,"id":1}},
 {"chip":{"x":15,"y":15,"z":4,"id":1}},
 {"chip":{"x":16,"y":13,"z":4,"id":1}},
 {"chip":{"x":9,"y":14,"z":1,"id":52}},
 {"chip":{"x":9,"y":11,"z":2,"id":52}},
 {"chip":{"x":9,"y":11,"z":4,"id":52}},
 {"chip":{"x":10,"y":14,"z":3,"id":1}},
 {"chip":{"x":12,"y":14,"z":3,"id":1}},
 {"chip":{"x":1,"y":16,"z":1,"id":1}},
 {"chip":{"x":2,"y":13,"z":1,"id":1}},
 {"chip":{"x":3,"y":11,"z":1,"id":1}},
 {"chip":{"x":3,"y":15,"z":1,"id":1}},
 {"chip":{"x":5,"y":14,"z":1,"id":1}},
 {"chip":{"x":6,"y":16,"z":1,"id":1}},
 {"chip":{"x":7,"y":11,"z":1,"id":1}},
 {"chip":{"x":7,"y":14,"z":1,"id":1}},
 {"chip":{"x":8,"y":16,"z":1,"id":1}},
 {"chip":{"x":9,"y":11,"z":1,"id":1}},
 {"chip":{"x":10,"y":3,"z":1,"id":1}},
 {"chip":{"x":10,"y":9,"z":1,"id":1}},
 {"chip":{"x":11,"y":5,"z":1,"id":1}},
 {"chip":{"x":13,"y":7,"z":1,"id":1}},
 {"chip":{"x":14,"y":9,"z":1,"id":1}},
 {"chip":{"x":1,"y":16,"z":2,"id":1}},
 {"chip":{"x":2,"y":13,"z":2,"id":1}},
 {"chip":{"x":3,"y":11,"z":2,"id":1}},
 {"chip":{"x":3,"y":15,"z":2,"id":1}},
 {"chip":{"x":5,"y":14,"z":2,"id":1}},
 {"chip":{"x":6,"y":16,"z":2,"id":1}},
 {"chip":{"x":7,"y":11,"z":2,"id":1}},
 {"chip":{"x":7,"y":14,"z":2,"id":1}},
 {"chip":{"x":8,"y":16,"z":2,"id":1}},
 {"chip":{"x":9,"y":14,"z":2,"id":1}},
 {"chip":{"x":10,"y":3,"z":2,"id":1}},
 {"chip":{"x":10,"y":9,"z":2,"id":1}},
 {"chip":{"x":11,"y":5,"z":2,"id":1}},
 {"chip":{"x":13,"y":7,"z":2,"id":1}},
 {"chip":{"x":14,"y":9,"z":2,"id":1}},
 {"chip":{"x":1,"y":16,"z":3,"id":1}},
 {"chip":{"x":2,"y":13,"z":3,"id":1}},
 {"chip":{"x":3,"y":11,"z":3,"id":1}},
 {"chip":{"x":3,"y":15,"z":3,"id":1}},
 {"chip":{"x":6,"y":16,"z":3,"id":1}},
 {"chip":{"x":7,"y":11,"z":3,"id":1}},
 {"chip":{"x":8,"y":16,"z":3,"id":1}},
 {"chip":{"x":9,"y":11,"z":3,"id":1}},
 {"chip":{"x":10,"y":3,"z":3,"id":1}},
 {"chip":{"x":10,"y":9,"z":3,"id":1}},
 {"chip":{"x":11,"y":5,"z":3,"id":1}},
 {"chip":{"x":13,"y":7,"z":3,"id":1}},
 {"chip":{"x":14,"y":9,"z":3,"id":1}},
 {"chip":{"x":2,"y":13,"z":4,"id":1}},
 {"chip":{"x":3,"y":15,"z":4,"id":1}},
 {"chip":{"x":7,"y":11,"z":4,"id":1}},
 {"chip":{"x":8,"y":14,"z":4,"id":1}},
 {"chip":{"x":8,"y":16,"z":4,"id":1}},
 {"chip":{"x":10,"y":9,"z":4,"id":1}},
 {"chip":{"x":9,"y":5,"z":3,"id":52}},
 {"chip":{"x":6,"y":14,"z":3,"id":1}},
 {"chip":{"x":8,"y":14,"z":3,"id":1}},
 {"chip":{"x":4,"y":9,"z":1,"id":1}},
 {"chip":{"x":5,"y":7,"z":1,"id":1}},
 {"chip":{"x":7,"y":5,"z":1,"id":1}},
 {"chip":{"x":8,"y":3,"z":1,"id":1}},
 {"chip":{"x":8,"y":9,"z":1,"id":1}},
 {"chip":{"x":9,"y":1,"z":1,"id":1}},
 {"chip":{"x":9,"y":5,"z":1,"id":1}},
 {"chip":{"x":9,"y":7,"z":1,"id":1}},
 {"chip":{"x":4,"y":9,"z":2,"id":1}},
 {"chip":{"x":5,"y":7,"z":2,"id":1}},
 {"chip":{"x":7,"y":5,"z":2,"id":1}},
 {"chip":{"x":8,"y":3,"z":2,"id":1}},
 {"chip":{"x":8,"y":9,"z":2,"id":1}},
 {"chip":{"x":9,"y":1,"z":2,"id":1}},
 {"chip":{"x":9,"y":5,"z":2,"id":1}},
 {"chip":{"x":9,"y":7,"z":2,"id":1}},
 {"chip":{"x":4,"y":9,"z":3,"id":1}},
 {"chip":{"x":5,"y":7,"z":3,"id":1}},
 {"chip":{"x":7,"y":5,"z":3,"id":1}},
 {"chip":{"x":8,"y":3,"z":3,"id":1}},
 {"chip":{"x":8,"y":9,"z":3,"id":1}},
 {"chip":{"x":9,"y":1,"z":3,"id":1}},
 {"chip":{"x":9,"y":7,"z":3,"id":1}},
 {"chip":{"x":8,"y":9,"z":4,"id":1}},
 {"chip":{"x":9,"y":7,"z":4,"id":1}}
    ]
}