{
	"levelid":284,
    "width":9,
    "height":9,
    "targetCountTotal":129,
    "chips":[
 {"chip":{"x":13,"y":11,"z":1,"id":54}}, {"chip":{"x":10,"y":13,"z":2,"id":55}}, {"chip":{"x":13,"y":11,"z":3,"id":54}}, {"chip":{"x":10,"y":17,"z":1,"id":1}}, {"chip":{"x":10,"y":17,"z":2,"id":1}}, {"chip":{"x":10,"y":17,"z":3,"id":1}}, {"chip":{"x":10,"y":7,"z":1,"id":55}}, {"chip":{"x":13,"y":9,"z":1,"id":54}}, {"chip":{"x":10,"y":7,"z":3,"id":55}}, {"chip":{"x":12,"y":13,"z":1,"id":1}}, {"chip":{"x":14,"y":13,"z":1,"id":1}}, {"chip":{"x":5,"y":11,"z":1,"id":54}}, {"chip":{"x":9,"y":15,"z":1,"id":52}}, {"chip":{"x":10,"y":13,"z":1,"id":1}}, {"chip":{"x":11,"y":15,"z":1,"id":1}}, {"chip":{"x":12,"y":17,"z":1,"id":1}}, {"chip":{"x":13,"y":15,"z":1,"id":1}}, {"chip":{"x":15,"y":11,"z":1,"id":1}}, {"chip":{"x":8,"y":13,"z":2,"id":55}}, {"chip":{"x":9,"y":15,"z":2,"id":52}}, {"chip":{"x":11,"y":15,"z":2,"id":1}}, {"chip":{"x":12,"y":13,"z":2,"id":1}}, {"chip":{"x":12,"y":17,"z":2,"id":1}}, {"chip":{"x":13,"y":11,"z":2,"id":1}}, {"chip":{"x":13,"y":15,"z":2,"id":1}}, {"chip":{"x":14,"y":13,"z":2,"id":1}}, {"chip":{"x":15,"y":11,"z":2,"id":1}}, {"chip":{"x":10,"y":13,"z":3,"id":1}}, {"chip":{"x":11,"y":15,"z":3,"id":1}}, {"chip":{"x":12,"y":13,"z":3,"id":1}}, {"chip":{"x":12,"y":17,"z":3,"id":1}}, {"chip":{"x":13,"y":15,"z":3,"id":1}}, {"chip":{"x":14,"y":13,"z":3,"id":1}}, {"chip":{"x":15,"y":11,"z":3,"id":1}}, {"chip":{"x":13,"y":9,"z":3,"id":54}}, {"chip":{"x":5,"y":11,"z":3,"id":54}}, {"chip":{"x":10,"y":5,"z":1,"id":1}}, {"chip":{"x":8,"y":17,"z":1,"id":1}}, {"chip":{"x":11,"y":2,"z":1,"id":1}}, {"chip":{"x":12,"y":5,"z":1,"id":1}}, {"chip":{"x":12,"y":7,"z":1,"id":1}}, {"chip":{"x":13,"y":3,"z":1,"id":1}}, {"chip":{"x":14,"y":5,"z":1,"id":1}}, {"chip":{"x":14,"y":7,"z":1,"id":1}}, {"chip":{"x":15,"y":9,"z":1,"id":1}}, {"chip":{"x":16,"y":7,"z":1,"id":1}}, {"chip":{"x":8,"y":17,"z":2,"id":1}}, {"chip":{"x":10,"y":5,"z":2,"id":1}}, {"chip":{"x":10,"y":7,"z":2,"id":1}}, {"chip":{"x":11,"y":2,"z":2,"id":1}}, {"chip":{"x":12,"y":5,"z":2,"id":1}}, {"chip":{"x":12,"y":7,"z":2,"id":1}}, {"chip":{"x":13,"y":3,"z":2,"id":1}}, {"chip":{"x":13,"y":9,"z":2,"id":1}}, {"chip":{"x":14,"y":5,"z":2,"id":1}}, {"chip":{"x":14,"y":7,"z":2,"id":1}}, {"chip":{"x":15,"y":9,"z":2,"id":1}}, {"chip":{"x":16,"y":7,"z":2,"id":1}}, {"chip":{"x":8,"y":17,"z":3,"id":1}}, {"chip":{"x":10,"y":5,"z":3,"id":1}}, {"chip":{"x":11,"y":2,"z":3,"id":1}}, {"chip":{"x":12,"y":5,"z":3,"id":1}}, {"chip":{"x":12,"y":7,"z":3,"id":1}}, {"chip":{"x":13,"y":3,"z":3,"id":1}}, {"chip":{"x":14,"y":5,"z":3,"id":1}}, {"chip":{"x":14,"y":7,"z":3,"id":1}}, {"chip":{"x":15,"y":9,"z":3,"id":1}}, {"chip":{"x":16,"y":7,"z":3,"id":1}}, {"chip":{"x":8,"y":7,"z":1,"id":55}}, {"chip":{"x":5,"y":9,"z":1,"id":54}}, {"chip":{"x":7,"y":9,"z":1,"id":56}}, {"chip":{"x":9,"y":3,"z":1,"id":52}}, {"chip":{"x":8,"y":7,"z":3,"id":55}}, {"chip":{"x":9,"y":3,"z":3,"id":52}}, {"chip":{"x":4,"y":13,"z":1,"id":1}}, {"chip":{"x":6,"y":13,"z":1,"id":1}}, {"chip":{"x":3,"y":11,"z":1,"id":1}}, {"chip":{"x":5,"y":15,"z":1,"id":1}}, {"chip":{"x":6,"y":17,"z":1,"id":1}}, {"chip":{"x":7,"y":15,"z":1,"id":1}}, {"chip":{"x":8,"y":13,"z":1,"id":1}}, {"chip":{"x":3,"y":11,"z":2,"id":1}}, {"chip":{"x":4,"y":13,"z":2,"id":1}}, {"chip":{"x":5,"y":11,"z":2,"id":1}}, {"chip":{"x":5,"y":15,"z":2,"id":1}}, {"chip":{"x":6,"y":13,"z":2,"id":1}}, {"chip":{"x":6,"y":17,"z":2,"id":1}}, {"chip":{"x":7,"y":15,"z":2,"id":1}}, {"chip":{"x":3,"y":11,"z":3,"id":1}}, {"chip":{"x":4,"y":13,"z":3,"id":1}}, {"chip":{"x":5,"y":15,"z":3,"id":1}}, {"chip":{"x":6,"y":13,"z":3,"id":1}}, {"chip":{"x":6,"y":17,"z":3,"id":1}}, {"chip":{"x":7,"y":15,"z":3,"id":1}}, {"chip":{"x":8,"y":13,"z":3,"id":1}}, {"chip":{"x":5,"y":9,"z":3,"id":54}}, {"chip":{"x":9,"y":3,"z":2,"id":1}}, {"chip":{"x":8,"y":5,"z":1,"id":1}}, {"chip":{"x":2,"y":7,"z":1,"id":1}}, {"chip":{"x":3,"y":9,"z":1,"id":1}}, {"chip":{"x":4,"y":5,"z":1,"id":1}}, {"chip":{"x":4,"y":7,"z":1,"id":1}}, {"chip":{"x":5,"y":3,"z":1,"id":1}}, {"chip":{"x":6,"y":5,"z":1,"id":1}}, {"chip":{"x":6,"y":7,"z":1,"id":1}}, {"chip":{"x":7,"y":2,"z":1,"id":1}}, {"chip":{"x":9,"y":1,"z":1,"id":1}}, {"chip":{"x":2,"y":7,"z":2,"id":1}}, {"chip":{"x":3,"y":9,"z":2,"id":1}}, {"chip":{"x":4,"y":5,"z":2,"id":1}}, {"chip":{"x":4,"y":7,"z":2,"id":1}}, {"chip":{"x":5,"y":3,"z":2,"id":1}}, {"chip":{"x":5,"y":9,"z":2,"id":1}}, {"chip":{"x":6,"y":5,"z":2,"id":1}}, {"chip":{"x":6,"y":7,"z":2,"id":1}}, {"chip":{"x":7,"y":2,"z":2,"id":1}}, {"chip":{"x":8,"y":5,"z":2,"id":1}}, {"chip":{"x":8,"y":7,"z":2,"id":1}}, {"chip":{"x":9,"y":1,"z":2,"id":1}}, {"chip":{"x":2,"y":7,"z":3,"id":1}}, {"chip":{"x":3,"y":9,"z":3,"id":1}}, {"chip":{"x":4,"y":5,"z":3,"id":1}}, {"chip":{"x":4,"y":7,"z":3,"id":1}}, {"chip":{"x":5,"y":3,"z":3,"id":1}}, {"chip":{"x":6,"y":5,"z":3,"id":1}}, {"chip":{"x":6,"y":7,"z":3,"id":1}}, {"chip":{"x":7,"y":2,"z":3,"id":1}}, {"chip":{"x":8,"y":5,"z":3,"id":1}}, {"chip":{"x":9,"y":1,"z":3,"id":1}}
    ]
}