{
	"levelid":190,
    "width":9,
    "height":9,
    "targetCountTotal":144,
    "chips":[
 {"chip":{"x":10,"y":15,"z":1,"id":54}},
 {"chip":{"x":11,"y":11,"z":1,"id":54}},
 {"chip":{"x":13,"y":13,"z":1,"id":54}},
 {"chip":{"x":15,"y":15,"z":1,"id":54}},
 {"chip":{"x":17,"y":17,"z":1,"id":54}},
 {"chip":{"x":10,"y":15,"z":2,"id":1}},
 {"chip":{"x":11,"y":11,"z":2,"id":1}},
 {"chip":{"x":13,"y":13,"z":2,"id":1}},
 {"chip":{"x":15,"y":15,"z":2,"id":1}},
 {"chip":{"x":17,"y":17,"z":2,"id":1}},
 {"chip":{"x":10,"y":15,"z":3,"id":1}},
 {"chip":{"x":11,"y":11,"z":3,"id":1}},
 {"chip":{"x":13,"y":13,"z":3,"id":1}},
 {"chip":{"x":15,"y":15,"z":3,"id":1}},
 {"chip":{"x":17,"y":17,"z":3,"id":1}},
 {"chip":{"x":10,"y":15,"z":4,"id":1}},
 {"chip":{"x":11,"y":11,"z":4,"id":1}},
 {"chip":{"x":13,"y":13,"z":4,"id":1}},
 {"chip":{"x":15,"y":15,"z":4,"id":1}},
 {"chip":{"x":10,"y":15,"z":5,"id":1}},
 {"chip":{"x":13,"y":13,"z":5,"id":1}},
 {"chip":{"x":1,"y":17,"z":1,"id":54}},
 {"chip":{"x":3,"y":15,"z":1,"id":54}},
 {"chip":{"x":5,"y":13,"z":1,"id":54}},
 {"chip":{"x":7,"y":11,"z":1,"id":54}},
 {"chip":{"x":8,"y":15,"z":1,"id":54}},
 {"chip":{"x":9,"y":10,"z":1,"id":54}},
 {"chip":{"x":9,"y":13,"z":1,"id":54}},
 {"chip":{"x":9,"y":17,"z":1,"id":54}},
 {"chip":{"x":10,"y":3,"z":1,"id":54}},
 {"chip":{"x":11,"y":7,"z":1,"id":54}},
 {"chip":{"x":11,"y":9,"z":1,"id":54}},
 {"chip":{"x":13,"y":5,"z":1,"id":54}},
 {"chip":{"x":13,"y":9,"z":1,"id":54}},
 {"chip":{"x":15,"y":3,"z":1,"id":54}},
 {"chip":{"x":15,"y":9,"z":1,"id":54}},
 {"chip":{"x":17,"y":1,"z":1,"id":54}},
 {"chip":{"x":17,"y":9,"z":1,"id":54}},
 {"chip":{"x":1,"y":17,"z":2,"id":1}},
 {"chip":{"x":3,"y":15,"z":2,"id":1}},
 {"chip":{"x":5,"y":13,"z":2,"id":1}},
 {"chip":{"x":7,"y":11,"z":2,"id":1}},
 {"chip":{"x":8,"y":15,"z":2,"id":1}},
 {"chip":{"x":9,"y":10,"z":2,"id":52}},
 {"chip":{"x":9,"y":13,"z":2,"id":1}},
 {"chip":{"x":9,"y":17,"z":2,"id":1}},
 {"chip":{"x":10,"y":3,"z":2,"id":1}},
 {"chip":{"x":11,"y":7,"z":2,"id":1}},
 {"chip":{"x":11,"y":9,"z":2,"id":1}},
 {"chip":{"x":13,"y":5,"z":2,"id":1}},
 {"chip":{"x":13,"y":9,"z":2,"id":1}},
 {"chip":{"x":15,"y":3,"z":2,"id":1}},
 {"chip":{"x":15,"y":9,"z":2,"id":1}},
 {"chip":{"x":17,"y":1,"z":2,"id":1}},
 {"chip":{"x":17,"y":9,"z":2,"id":1}},
 {"chip":{"x":1,"y":17,"z":3,"id":1}},
 {"chip":{"x":3,"y":15,"z":3,"id":1}},
 {"chip":{"x":5,"y":13,"z":3,"id":1}},
 {"chip":{"x":7,"y":11,"z":3,"id":1}},
 {"chip":{"x":8,"y":15,"z":3,"id":1}},
 {"chip":{"x":9,"y":10,"z":3,"id":52}},
 {"chip":{"x":9,"y":13,"z":3,"id":1}},
 {"chip":{"x":9,"y":17,"z":3,"id":1}},
 {"chip":{"x":10,"y":3,"z":3,"id":1}},
 {"chip":{"x":11,"y":7,"z":3,"id":1}},
 {"chip":{"x":11,"y":9,"z":3,"id":1}},
 {"chip":{"x":13,"y":5,"z":3,"id":1}},
 {"chip":{"x":13,"y":9,"z":3,"id":1}},
 {"chip":{"x":15,"y":3,"z":3,"id":1}},
 {"chip":{"x":15,"y":9,"z":3,"id":1}},
 {"chip":{"x":17,"y":1,"z":3,"id":1}},
 {"chip":{"x":17,"y":9,"z":3,"id":1}},
 {"chip":{"x":3,"y":15,"z":4,"id":1}},
 {"chip":{"x":5,"y":13,"z":4,"id":1}},
 {"chip":{"x":7,"y":11,"z":4,"id":1}},
 {"chip":{"x":8,"y":15,"z":4,"id":1}},
 {"chip":{"x":9,"y":10,"z":4,"id":54}},
 {"chip":{"x":9,"y":13,"z":4,"id":1}},
 {"chip":{"x":9,"y":17,"z":4,"id":1}},
 {"chip":{"x":10,"y":3,"z":4,"id":1}},
 {"chip":{"x":11,"y":7,"z":4,"id":1}},
 {"chip":{"x":11,"y":9,"z":4,"id":54}},
 {"chip":{"x":13,"y":5,"z":4,"id":1}},
 {"chip":{"x":13,"y":9,"z":4,"id":1}},
 {"chip":{"x":15,"y":3,"z":4,"id":1}},
 {"chip":{"x":15,"y":9,"z":4,"id":1}},
 {"chip":{"x":5,"y":13,"z":5,"id":1}},
 {"chip":{"x":8,"y":15,"z":5,"id":1}},
 {"chip":{"x":9,"y":13,"z":5,"id":1}},
 {"chip":{"x":9,"y":17,"z":5,"id":1}},
 {"chip":{"x":10,"y":3,"z":5,"id":1}},
 {"chip":{"x":13,"y":5,"z":5,"id":1}},
 {"chip":{"x":13,"y":9,"z":5,"id":1}},
 {"chip":{"x":1,"y":1,"z":1,"id":54}},
 {"chip":{"x":1,"y":9,"z":1,"id":54}},
 {"chip":{"x":3,"y":3,"z":1,"id":54}},
 {"chip":{"x":3,"y":9,"z":1,"id":54}},
 {"chip":{"x":5,"y":5,"z":1,"id":54}},
 {"chip":{"x":5,"y":9,"z":1,"id":54}},
 {"chip":{"x":7,"y":7,"z":1,"id":54}},
 {"chip":{"x":7,"y":9,"z":1,"id":54}},
 {"chip":{"x":8,"y":3,"z":1,"id":54}},
 {"chip":{"x":9,"y":1,"z":1,"id":54}},
 {"chip":{"x":9,"y":5,"z":1,"id":54}},
 {"chip":{"x":9,"y":8,"z":1,"id":54}},
 {"chip":{"x":1,"y":1,"z":2,"id":1}},
 {"chip":{"x":1,"y":9,"z":2,"id":1}},
 {"chip":{"x":3,"y":3,"z":2,"id":1}},
 {"chip":{"x":3,"y":9,"z":2,"id":1}},
 {"chip":{"x":5,"y":5,"z":2,"id":1}},
 {"chip":{"x":5,"y":9,"z":2,"id":1}},
 {"chip":{"x":7,"y":7,"z":2,"id":1}},
 {"chip":{"x":7,"y":9,"z":2,"id":1}},
 {"chip":{"x":8,"y":3,"z":2,"id":1}},
 {"chip":{"x":9,"y":1,"z":2,"id":1}},
 {"chip":{"x":9,"y":5,"z":2,"id":1}},
 {"chip":{"x":9,"y":8,"z":2,"id":52}},
 {"chip":{"x":1,"y":1,"z":3,"id":1}},
 {"chip":{"x":1,"y":9,"z":3,"id":1}},
 {"chip":{"x":3,"y":3,"z":3,"id":1}},
 {"chip":{"x":3,"y":9,"z":3,"id":1}},
 {"chip":{"x":5,"y":5,"z":3,"id":1}},
 {"chip":{"x":5,"y":9,"z":3,"id":1}},
 {"chip":{"x":7,"y":7,"z":3,"id":1}},
 {"chip":{"x":7,"y":9,"z":3,"id":1}},
 {"chip":{"x":8,"y":3,"z":3,"id":1}},
 {"chip":{"x":9,"y":1,"z":3,"id":1}},
 {"chip":{"x":9,"y":5,"z":3,"id":1}},
 {"chip":{"x":9,"y":8,"z":3,"id":52}},
 {"chip":{"x":3,"y":3,"z":4,"id":1}},
 {"chip":{"x":3,"y":9,"z":4,"id":1}},
 {"chip":{"x":5,"y":5,"z":4,"id":1}},
 {"chip":{"x":5,"y":9,"z":4,"id":1}},
 {"chip":{"x":7,"y":7,"z":4,"id":1}},
 {"chip":{"x":7,"y":9,"z":4,"id":54}},
 {"chip":{"x":8,"y":3,"z":4,"id":1}},
 {"chip":{"x":9,"y":1,"z":4,"id":1}},
 {"chip":{"x":9,"y":5,"z":4,"id":1}},
 {"chip":{"x":9,"y":8,"z":4,"id":54}},
 {"chip":{"x":5,"y":5,"z":5,"id":1}},
 {"chip":{"x":5,"y":9,"z":5,"id":1}},
 {"chip":{"x":8,"y":3,"z":5,"id":1}},
 {"chip":{"x":9,"y":1,"z":5,"id":1}},
 {"chip":{"x":9,"y":5,"z":5,"id":1}}
    ]
}