{
    "levelid":430,
    "width":9,
    "height":9,
    "targetCountTotal":148,
    "chips":[
 {"chip":{"x":17,"y":16,"z":1,"id":58}}, {"chip":{"x":11,"y":10,"z":1,"id":1}}, {"chip":{"x":11,"y":16,"z":1,"id":1}}, {"chip":{"x":12,"y":12,"z":1,"id":1}}, {"chip":{"x":13,"y":14,"z":1,"id":1}}, {"chip":{"x":13,"y":17,"z":1,"id":1}}, {"chip":{"x":14,"y":10,"z":1,"id":1}}, {"chip":{"x":15,"y":12,"z":1,"id":1}}, {"chip":{"x":15,"y":17,"z":1,"id":1}}, {"chip":{"x":16,"y":14,"z":1,"id":1}}, {"chip":{"x":11,"y":10,"z":2,"id":1}}, {"chip":{"x":11,"y":16,"z":2,"id":1}}, {"chip":{"x":12,"y":12,"z":2,"id":1}}, {"chip":{"x":13,"y":14,"z":2,"id":1}}, {"chip":{"x":13,"y":17,"z":2,"id":1}}, {"chip":{"x":14,"y":10,"z":2,"id":1}}, {"chip":{"x":15,"y":12,"z":2,"id":1}}, {"chip":{"x":15,"y":17,"z":2,"id":1}}, {"chip":{"x":16,"y":14,"z":2,"id":1}}, {"chip":{"x":17,"y":16,"z":2,"id":1}}, {"chip":{"x":12,"y":12,"z":3,"id":1}}, {"chip":{"x":13,"y":14,"z":3,"id":1}}, {"chip":{"x":14,"y":10,"z":3,"id":1}}, {"chip":{"x":15,"y":12,"z":3,"id":1}}, {"chip":{"x":15,"y":17,"z":3,"id":1}}, {"chip":{"x":16,"y":14,"z":3,"id":1}}, {"chip":{"x":17,"y":16,"z":3,"id":1}}, {"chip":{"x":11,"y":10,"z":4,"id":1}}, {"chip":{"x":12,"y":12,"z":4,"id":1}}, {"chip":{"x":13,"y":14,"z":4,"id":1}}, {"chip":{"x":1,"y":16,"z":1,"id":57}}, {"chip":{"x":9,"y":15,"z":1,"id":52}}, {"chip":{"x":17,"y":2,"z":1,"id":58}}, {"chip":{"x":11,"y":10,"z":3,"id":1}}, {"chip":{"x":12,"y":6,"z":1,"id":1}}, {"chip":{"x":2,"y":14,"z":1,"id":1}}, {"chip":{"x":3,"y":12,"z":1,"id":1}}, {"chip":{"x":3,"y":17,"z":1,"id":1}}, {"chip":{"x":4,"y":10,"z":1,"id":1}}, {"chip":{"x":5,"y":14,"z":1,"id":1}}, {"chip":{"x":5,"y":17,"z":1,"id":1}}, {"chip":{"x":6,"y":12,"z":1,"id":1}}, {"chip":{"x":7,"y":10,"z":1,"id":1}}, {"chip":{"x":7,"y":16,"z":1,"id":1}}, {"chip":{"x":9,"y":11,"z":1,"id":1}}, {"chip":{"x":9,"y":13,"z":1,"id":1}}, {"chip":{"x":11,"y":2,"z":1,"id":1}}, {"chip":{"x":11,"y":8,"z":1,"id":1}}, {"chip":{"x":13,"y":1,"z":1,"id":1}}, {"chip":{"x":13,"y":4,"z":1,"id":1}}, {"chip":{"x":14,"y":8,"z":1,"id":1}}, {"chip":{"x":15,"y":1,"z":1,"id":1}}, {"chip":{"x":15,"y":6,"z":1,"id":1}}, {"chip":{"x":16,"y":4,"z":1,"id":1}}, {"chip":{"x":1,"y":16,"z":2,"id":1}}, {"chip":{"x":2,"y":14,"z":2,"id":1}}, {"chip":{"x":3,"y":12,"z":2,"id":1}}, {"chip":{"x":3,"y":17,"z":2,"id":1}}, {"chip":{"x":4,"y":10,"z":2,"id":1}}, {"chip":{"x":5,"y":14,"z":2,"id":1}}, {"chip":{"x":5,"y":17,"z":2,"id":1}}, {"chip":{"x":6,"y":12,"z":2,"id":1}}, {"chip":{"x":7,"y":10,"z":2,"id":1}}, {"chip":{"x":7,"y":16,"z":2,"id":1}}, {"chip":{"x":9,"y":11,"z":2,"id":1}}, {"chip":{"x":9,"y":13,"z":2,"id":1}}, {"chip":{"x":9,"y":15,"z":2,"id":1}}, {"chip":{"x":11,"y":2,"z":2,"id":1}}, {"chip":{"x":11,"y":8,"z":2,"id":1}}, {"chip":{"x":12,"y":6,"z":2,"id":1}}, {"chip":{"x":13,"y":1,"z":2,"id":1}}, {"chip":{"x":13,"y":4,"z":2,"id":1}}, {"chip":{"x":14,"y":8,"z":2,"id":1}}, {"chip":{"x":15,"y":1,"z":2,"id":1}}, {"chip":{"x":15,"y":6,"z":2,"id":1}}, {"chip":{"x":16,"y":4,"z":2,"id":1}}, {"chip":{"x":17,"y":2,"z":2,"id":1}}, {"chip":{"x":1,"y":16,"z":3,"id":1}}, {"chip":{"x":2,"y":14,"z":3,"id":1}}, {"chip":{"x":3,"y":12,"z":3,"id":1}}, {"chip":{"x":3,"y":17,"z":3,"id":1}}, {"chip":{"x":4,"y":10,"z":3,"id":1}}, {"chip":{"x":5,"y":14,"z":3,"id":1}}, {"chip":{"x":6,"y":12,"z":3,"id":1}}, {"chip":{"x":9,"y":11,"z":3,"id":1}}, {"chip":{"x":9,"y":13,"z":3,"id":1}}, {"chip":{"x":9,"y":15,"z":3,"id":1}}, {"chip":{"x":12,"y":6,"z":3,"id":1}}, {"chip":{"x":13,"y":4,"z":3,"id":1}}, {"chip":{"x":14,"y":8,"z":3,"id":1}}, {"chip":{"x":15,"y":1,"z":3,"id":1}}, {"chip":{"x":15,"y":6,"z":3,"id":1}}, {"chip":{"x":16,"y":4,"z":3,"id":1}}, {"chip":{"x":17,"y":2,"z":3,"id":1}}, {"chip":{"x":5,"y":14,"z":4,"id":1}}, {"chip":{"x":6,"y":12,"z":4,"id":1}}, {"chip":{"x":7,"y":10,"z":4,"id":1}}, {"chip":{"x":9,"y":13,"z":4,"id":1}}, {"chip":{"x":11,"y":8,"z":4,"id":1}}, {"chip":{"x":12,"y":6,"z":4,"id":1}}, {"chip":{"x":13,"y":4,"z":4,"id":1}}, {"chip":{"x":1,"y":2,"z":1,"id":57}}, {"chip":{"x":9,"y":3,"z":1,"id":52}}, {"chip":{"x":9,"y":9,"z":2,"id":52}}, {"chip":{"x":9,"y":9,"z":4,"id":52}}, {"chip":{"x":7,"y":10,"z":3,"id":1}}, {"chip":{"x":11,"y":8,"z":3,"id":1}}, {"chip":{"x":6,"y":6,"z":1,"id":1}}, {"chip":{"x":2,"y":4,"z":1,"id":1}}, {"chip":{"x":3,"y":1,"z":1,"id":1}}, {"chip":{"x":3,"y":6,"z":1,"id":1}}, {"chip":{"x":4,"y":8,"z":1,"id":1}}, {"chip":{"x":5,"y":1,"z":1,"id":1}}, {"chip":{"x":5,"y":4,"z":1,"id":1}}, {"chip":{"x":7,"y":2,"z":1,"id":1}}, {"chip":{"x":7,"y":8,"z":1,"id":1}}, {"chip":{"x":9,"y":5,"z":1,"id":1}}, {"chip":{"x":9,"y":7,"z":1,"id":1}}, {"chip":{"x":9,"y":9,"z":1,"id":1}}, {"chip":{"x":1,"y":2,"z":2,"id":1}}, {"chip":{"x":2,"y":4,"z":2,"id":1}}, {"chip":{"x":3,"y":1,"z":2,"id":1}}, {"chip":{"x":3,"y":6,"z":2,"id":1}}, {"chip":{"x":4,"y":8,"z":2,"id":1}}, {"chip":{"x":5,"y":1,"z":2,"id":1}}, {"chip":{"x":5,"y":4,"z":2,"id":1}}, {"chip":{"x":6,"y":6,"z":2,"id":1}}, {"chip":{"x":7,"y":2,"z":2,"id":1}}, {"chip":{"x":7,"y":8,"z":2,"id":1}}, {"chip":{"x":9,"y":3,"z":2,"id":1}}, {"chip":{"x":9,"y":5,"z":2,"id":1}}, {"chip":{"x":9,"y":7,"z":2,"id":1}}, {"chip":{"x":1,"y":2,"z":3,"id":1}}, {"chip":{"x":2,"y":4,"z":3,"id":1}}, {"chip":{"x":3,"y":1,"z":3,"id":1}}, {"chip":{"x":3,"y":6,"z":3,"id":1}}, {"chip":{"x":4,"y":8,"z":3,"id":1}}, {"chip":{"x":5,"y":4,"z":3,"id":1}}, {"chip":{"x":6,"y":6,"z":3,"id":1}}, {"chip":{"x":9,"y":3,"z":3,"id":1}}, {"chip":{"x":9,"y":5,"z":3,"id":1}}, {"chip":{"x":9,"y":7,"z":3,"id":1}}, {"chip":{"x":9,"y":9,"z":3,"id":1}}, {"chip":{"x":5,"y":4,"z":4,"id":1}}, {"chip":{"x":6,"y":6,"z":4,"id":1}}, {"chip":{"x":7,"y":8,"z":4,"id":1}}, {"chip":{"x":9,"y":5,"z":4,"id":1}}, {"chip":{"x":7,"y":8,"z":3,"id":1}}
    ]
}
