{
	"levelid":287,
    "width":9,
    "height":9,
    "targetCountTotal":100,
    "chips":[
 {"chip":{"x":12,"y":11,"z":1,"id":55}}, {"chip":{"x":12,"y":14,"z":1,"id":55}}, {"chip":{"x":10,"y":11,"z":1,"id":1}}, {"chip":{"x":10,"y":14,"z":1,"id":1}}, {"chip":{"x":11,"y":16,"z":1,"id":1}}, {"chip":{"x":13,"y":16,"z":1,"id":1}}, {"chip":{"x":14,"y":11,"z":1,"id":1}}, {"chip":{"x":14,"y":14,"z":1,"id":1}}, {"chip":{"x":16,"y":11,"z":1,"id":1}}, {"chip":{"x":16,"y":14,"z":1,"id":1}}, {"chip":{"x":11,"y":11,"z":2,"id":1}}, {"chip":{"x":11,"y":14,"z":2,"id":1}}, {"chip":{"x":11,"y":16,"z":2,"id":1}}, {"chip":{"x":13,"y":11,"z":2,"id":1}}, {"chip":{"x":13,"y":14,"z":2,"id":1}}, {"chip":{"x":13,"y":16,"z":2,"id":1}}, {"chip":{"x":15,"y":11,"z":2,"id":1}}, {"chip":{"x":15,"y":14,"z":2,"id":1}}, {"chip":{"x":11,"y":11,"z":3,"id":1}}, {"chip":{"x":11,"y":14,"z":3,"id":1}}, {"chip":{"x":11,"y":16,"z":3,"id":1}}, {"chip":{"x":13,"y":11,"z":3,"id":1}}, {"chip":{"x":13,"y":14,"z":3,"id":1}}, {"chip":{"x":13,"y":16,"z":3,"id":1}}, {"chip":{"x":15,"y":11,"z":3,"id":1}}, {"chip":{"x":15,"y":14,"z":3,"id":1}}, {"chip":{"x":11,"y":16,"z":4,"id":1}}, {"chip":{"x":12,"y":11,"z":4,"id":1}}, {"chip":{"x":12,"y":14,"z":4,"id":1}}, {"chip":{"x":13,"y":16,"z":4,"id":1}}, {"chip":{"x":14,"y":11,"z":4,"id":1}}, {"chip":{"x":14,"y":14,"z":4,"id":1}}, {"chip":{"x":11,"y":16,"z":5,"id":1}}, {"chip":{"x":13,"y":16,"z":5,"id":1}}, {"chip":{"x":6,"y":11,"z":1,"id":55}}, {"chip":{"x":6,"y":14,"z":1,"id":55}}, {"chip":{"x":12,"y":8,"z":1,"id":55}}, {"chip":{"x":9,"y":11,"z":2,"id":52}}, {"chip":{"x":9,"y":14,"z":2,"id":52}}, {"chip":{"x":2,"y":11,"z":1,"id":1}}, {"chip":{"x":2,"y":14,"z":1,"id":1}}, {"chip":{"x":4,"y":11,"z":1,"id":1}}, {"chip":{"x":4,"y":14,"z":1,"id":1}}, {"chip":{"x":5,"y":16,"z":1,"id":1}}, {"chip":{"x":7,"y":16,"z":1,"id":1}}, {"chip":{"x":8,"y":11,"z":1,"id":1}}, {"chip":{"x":8,"y":14,"z":1,"id":1}}, {"chip":{"x":9,"y":17,"z":1,"id":1}}, {"chip":{"x":10,"y":8,"z":1,"id":1}}, {"chip":{"x":14,"y":8,"z":1,"id":1}}, {"chip":{"x":16,"y":8,"z":1,"id":1}}, {"chip":{"x":3,"y":11,"z":2,"id":1}}, {"chip":{"x":3,"y":14,"z":2,"id":1}}, {"chip":{"x":5,"y":11,"z":2,"id":1}}, {"chip":{"x":5,"y":14,"z":2,"id":1}}, {"chip":{"x":5,"y":16,"z":2,"id":1}}, {"chip":{"x":7,"y":11,"z":2,"id":1}}, {"chip":{"x":7,"y":14,"z":2,"id":1}}, {"chip":{"x":7,"y":16,"z":2,"id":1}}, {"chip":{"x":9,"y":17,"z":2,"id":1}}, {"chip":{"x":11,"y":8,"z":2,"id":1}}, {"chip":{"x":13,"y":8,"z":2,"id":1}}, {"chip":{"x":15,"y":8,"z":2,"id":1}}, {"chip":{"x":3,"y":11,"z":3,"id":1}}, {"chip":{"x":3,"y":14,"z":3,"id":1}}, {"chip":{"x":5,"y":11,"z":3,"id":1}}, {"chip":{"x":5,"y":14,"z":3,"id":1}}, {"chip":{"x":5,"y":16,"z":3,"id":1}}, {"chip":{"x":7,"y":11,"z":3,"id":1}}, {"chip":{"x":7,"y":14,"z":3,"id":1}}, {"chip":{"x":7,"y":16,"z":3,"id":1}}, {"chip":{"x":9,"y":17,"z":3,"id":1}}, {"chip":{"x":11,"y":8,"z":3,"id":1}}, {"chip":{"x":13,"y":8,"z":3,"id":1}}, {"chip":{"x":15,"y":8,"z":3,"id":1}}, {"chip":{"x":4,"y":11,"z":4,"id":1}}, {"chip":{"x":4,"y":14,"z":4,"id":1}}, {"chip":{"x":5,"y":16,"z":4,"id":1}}, {"chip":{"x":6,"y":11,"z":4,"id":1}}, {"chip":{"x":6,"y":14,"z":4,"id":1}}, {"chip":{"x":7,"y":16,"z":4,"id":1}}, {"chip":{"x":9,"y":17,"z":4,"id":1}}, {"chip":{"x":12,"y":8,"z":4,"id":1}}, {"chip":{"x":14,"y":8,"z":4,"id":1}}, {"chip":{"x":5,"y":16,"z":5,"id":1}}, {"chip":{"x":7,"y":16,"z":5,"id":1}}, {"chip":{"x":6,"y":8,"z":1,"id":55}}, {"chip":{"x":9,"y":8,"z":2,"id":52}}, {"chip":{"x":7,"y":3,"z":1,"id":56}}, {"chip":{"x":2,"y":8,"z":1,"id":1}}, {"chip":{"x":4,"y":8,"z":1,"id":1}}, {"chip":{"x":8,"y":8,"z":1,"id":1}}, {"chip":{"x":3,"y":8,"z":2,"id":1}}, {"chip":{"x":5,"y":8,"z":2,"id":1}}, {"chip":{"x":7,"y":8,"z":2,"id":1}}, {"chip":{"x":3,"y":8,"z":3,"id":1}}, {"chip":{"x":5,"y":8,"z":3,"id":1}}, {"chip":{"x":7,"y":8,"z":3,"id":1}}, {"chip":{"x":4,"y":8,"z":4,"id":1}}, {"chip":{"x":6,"y":8,"z":4,"id":1}}
    ]
}