{
	"levelid":4,
    "width":9,
    "height":9,
    "targetCountTotal":40,
    "chips":[
 {"chip":{"x":12,"y":13,"z":1,"id":51}}, {"chip":{"x":10,"y":13,"z":1,"id":1}}, {"chip":{"x":10,"y":13,"z":2,"id":1}}, {"chip":{"x":14,"y":13,"z":1,"id":1}}, {"chip":{"x":10,"y":10,"z":1,"id":1}}, {"chip":{"x":12,"y":10,"z":1,"id":1}}, {"chip":{"x":14,"y":10,"z":1,"id":1}}, {"chip":{"x":10,"y":10,"z":2,"id":1}}, {"chip":{"x":14,"y":10,"z":2,"id":1}}, {"chip":{"x":14,"y":13,"z":2,"id":1}}, {"chip":{"x":5,"y":13,"z":1,"id":51}}, {"chip":{"x":12,"y":5,"z":1,"id":51}}, {"chip":{"x":3,"y":10,"z":1,"id":1}}, {"chip":{"x":7,"y":13,"z":1,"id":1}}, {"chip":{"x":3,"y":10,"z":2,"id":1}}, {"chip":{"x":10,"y":5,"z":1,"id":1}}, {"chip":{"x":3,"y":13,"z":1,"id":1}}, {"chip":{"x":5,"y":10,"z":1,"id":1}}, {"chip":{"x":7,"y":10,"z":1,"id":1}}, {"chip":{"x":10,"y":8,"z":1,"id":1}}, {"chip":{"x":12,"y":8,"z":1,"id":1}}, {"chip":{"x":14,"y":5,"z":1,"id":1}}, {"chip":{"x":14,"y":8,"z":1,"id":1}}, {"chip":{"x":3,"y":13,"z":2,"id":1}}, {"chip":{"x":7,"y":10,"z":2,"id":1}}, {"chip":{"x":7,"y":13,"z":2,"id":1}}, {"chip":{"x":10,"y":5,"z":2,"id":1}}, {"chip":{"x":10,"y":8,"z":2,"id":1}}, {"chip":{"x":14,"y":5,"z":2,"id":1}}, {"chip":{"x":14,"y":8,"z":2,"id":1}}, {"chip":{"x":5,"y":5,"z":1,"id":51}}, {"chip":{"x":3,"y":8,"z":1,"id":1}}, {"chip":{"x":7,"y":5,"z":1,"id":1}}, {"chip":{"x":3,"y":8,"z":2,"id":1}}, {"chip":{"x":3,"y":5,"z":1,"id":1}}, {"chip":{"x":5,"y":8,"z":1,"id":1}}, {"chip":{"x":7,"y":8,"z":1,"id":1}}, {"chip":{"x":3,"y":5,"z":2,"id":1}}, {"chip":{"x":7,"y":5,"z":2,"id":1}}, {"chip":{"x":7,"y":8,"z":2,"id":1}}
    ]
}