{
	"levelid":299,
    "width":9,
    "height":9,
    "targetCountTotal":125,
    "chips":[
 {"chip":{"x":11,"y":16,"z":1,"id":1}}, {"chip":{"x":13,"y":10,"z":1,"id":1}}, {"chip":{"x":13,"y":12,"z":1,"id":1}}, {"chip":{"x":13,"y":16,"z":1,"id":1}}, {"chip":{"x":15,"y":16,"z":1,"id":1}}, {"chip":{"x":16,"y":10,"z":1,"id":1}}, {"chip":{"x":16,"y":12,"z":1,"id":1}}, {"chip":{"x":11,"y":16,"z":2,"id":1}}, {"chip":{"x":13,"y":10,"z":2,"id":1}}, {"chip":{"x":13,"y":12,"z":2,"id":1}}, {"chip":{"x":13,"y":16,"z":2,"id":1}}, {"chip":{"x":16,"y":10,"z":2,"id":1}}, {"chip":{"x":16,"y":12,"z":2,"id":1}}, {"chip":{"x":11,"y":16,"z":3,"id":1}}, {"chip":{"x":13,"y":10,"z":3,"id":1}}, {"chip":{"x":13,"y":12,"z":3,"id":1}}, {"chip":{"x":13,"y":10,"z":4,"id":1}}, {"chip":{"x":13,"y":12,"z":4,"id":1}}, {"chip":{"x":9,"y":10,"z":1,"id":55}}, {"chip":{"x":16,"y":8,"z":1,"id":55}}, {"chip":{"x":9,"y":10,"z":2,"id":54}}, {"chip":{"x":9,"y":10,"z":4,"id":54}}, {"chip":{"x":11,"y":9,"z":4,"id":54}}, {"chip":{"x":7,"y":12,"z":1,"id":56}}, {"chip":{"x":9,"y":16,"z":1,"id":55}}, {"chip":{"x":9,"y":16,"z":2,"id":52}}, {"chip":{"x":2,"y":10,"z":1,"id":1}}, {"chip":{"x":2,"y":12,"z":1,"id":1}}, {"chip":{"x":3,"y":16,"z":1,"id":1}}, {"chip":{"x":5,"y":10,"z":1,"id":1}}, {"chip":{"x":5,"y":12,"z":1,"id":1}}, {"chip":{"x":5,"y":16,"z":1,"id":1}}, {"chip":{"x":7,"y":16,"z":1,"id":1}}, {"chip":{"x":11,"y":2,"z":1,"id":1}}, {"chip":{"x":11,"y":9,"z":1,"id":1}}, {"chip":{"x":13,"y":2,"z":1,"id":1}}, {"chip":{"x":13,"y":6,"z":1,"id":1}}, {"chip":{"x":13,"y":8,"z":1,"id":1}}, {"chip":{"x":15,"y":2,"z":1,"id":1}}, {"chip":{"x":16,"y":6,"z":1,"id":1}}, {"chip":{"x":2,"y":10,"z":2,"id":1}}, {"chip":{"x":2,"y":12,"z":2,"id":1}}, {"chip":{"x":5,"y":10,"z":2,"id":1}}, {"chip":{"x":5,"y":12,"z":2,"id":1}}, {"chip":{"x":5,"y":16,"z":2,"id":1}}, {"chip":{"x":7,"y":16,"z":2,"id":1}}, {"chip":{"x":11,"y":2,"z":2,"id":1}}, {"chip":{"x":11,"y":9,"z":2,"id":1}}, {"chip":{"x":13,"y":2,"z":2,"id":1}}, {"chip":{"x":13,"y":6,"z":2,"id":1}}, {"chip":{"x":13,"y":8,"z":2,"id":1}}, {"chip":{"x":15,"y":2,"z":2,"id":1}}, {"chip":{"x":16,"y":6,"z":2,"id":1}}, {"chip":{"x":16,"y":8,"z":2,"id":1}}, {"chip":{"x":5,"y":10,"z":3,"id":1}}, {"chip":{"x":5,"y":12,"z":3,"id":1}}, {"chip":{"x":7,"y":16,"z":3,"id":1}}, {"chip":{"x":9,"y":10,"z":3,"id":1}}, {"chip":{"x":11,"y":2,"z":3,"id":1}}, {"chip":{"x":11,"y":9,"z":3,"id":1}}, {"chip":{"x":13,"y":2,"z":3,"id":1}}, {"chip":{"x":13,"y":6,"z":3,"id":1}}, {"chip":{"x":13,"y":8,"z":3,"id":1}}, {"chip":{"x":15,"y":2,"z":3,"id":1}}, {"chip":{"x":5,"y":10,"z":4,"id":1}}, {"chip":{"x":5,"y":12,"z":4,"id":1}}, {"chip":{"x":11,"y":2,"z":4,"id":1}}, {"chip":{"x":13,"y":2,"z":4,"id":1}}, {"chip":{"x":13,"y":6,"z":4,"id":1}}, {"chip":{"x":13,"y":8,"z":4,"id":1}}, {"chip":{"x":15,"y":2,"z":4,"id":1}}, {"chip":{"x":2,"y":8,"z":1,"id":55}}, {"chip":{"x":9,"y":3,"z":1,"id":55}}, {"chip":{"x":9,"y":8,"z":1,"id":55}}, {"chip":{"x":9,"y":3,"z":2,"id":54}}, {"chip":{"x":9,"y":8,"z":2,"id":52}}, {"chip":{"x":9,"y":1,"z":3,"id":54}}, {"chip":{"x":9,"y":3,"z":3,"id":52}}, {"chip":{"x":7,"y":9,"z":4,"id":54}}, {"chip":{"x":9,"y":8,"z":4,"id":52}}, {"chip":{"x":11,"y":5,"z":1,"id":1}}, {"chip":{"x":11,"y":5,"z":2,"id":1}}, {"chip":{"x":9,"y":16,"z":3,"id":1}}, {"chip":{"x":11,"y":5,"z":3,"id":1}}, {"chip":{"x":9,"y":16,"z":4,"id":1}}, {"chip":{"x":11,"y":5,"z":4,"id":1}}, {"chip":{"x":2,"y":6,"z":1,"id":1}}, {"chip":{"x":3,"y":2,"z":1,"id":1}}, {"chip":{"x":5,"y":2,"z":1,"id":1}}, {"chip":{"x":5,"y":6,"z":1,"id":1}}, {"chip":{"x":5,"y":8,"z":1,"id":1}}, {"chip":{"x":7,"y":2,"z":1,"id":1}}, {"chip":{"x":7,"y":9,"z":1,"id":1}}, {"chip":{"x":9,"y":1,"z":1,"id":1}}, {"chip":{"x":2,"y":6,"z":2,"id":1}}, {"chip":{"x":2,"y":8,"z":2,"id":1}}, {"chip":{"x":3,"y":2,"z":2,"id":1}}, {"chip":{"x":5,"y":2,"z":2,"id":1}}, {"chip":{"x":5,"y":6,"z":2,"id":1}}, {"chip":{"x":5,"y":8,"z":2,"id":1}}, {"chip":{"x":7,"y":2,"z":2,"id":1}}, {"chip":{"x":7,"y":9,"z":2,"id":1}}, {"chip":{"x":9,"y":1,"z":2,"id":1}}, {"chip":{"x":3,"y":2,"z":3,"id":1}}, {"chip":{"x":5,"y":2,"z":3,"id":1}}, {"chip":{"x":5,"y":6,"z":3,"id":1}}, {"chip":{"x":5,"y":8,"z":3,"id":1}}, {"chip":{"x":7,"y":2,"z":3,"id":1}}, {"chip":{"x":7,"y":9,"z":3,"id":1}}, {"chip":{"x":9,"y":8,"z":3,"id":1}}, {"chip":{"x":3,"y":2,"z":4,"id":1}}, {"chip":{"x":5,"y":2,"z":4,"id":1}}, {"chip":{"x":5,"y":6,"z":4,"id":1}}, {"chip":{"x":5,"y":8,"z":4,"id":1}}, {"chip":{"x":7,"y":2,"z":4,"id":1}}, {"chip":{"x":9,"y":1,"z":4,"id":1}}, {"chip":{"x":9,"y":3,"z":4,"id":1}}, {"chip":{"x":7,"y":5,"z":1,"id":1}}, {"chip":{"x":9,"y":5,"z":1,"id":1}}, {"chip":{"x":7,"y":5,"z":2,"id":1}}, {"chip":{"x":9,"y":5,"z":2,"id":1}}, {"chip":{"x":7,"y":5,"z":3,"id":1}}, {"chip":{"x":9,"y":5,"z":3,"id":1}}, {"chip":{"x":7,"y":5,"z":4,"id":1}}, {"chip":{"x":9,"y":5,"z":4,"id":1}}
    ]
}