{
	"levelid":122,
    "width":9,
    "height":9,
    "targetCountTotal":144,
    "chips":[
 {"chip":{"x":10,"y":11,"z":1,"id":1}},
 {"chip":{"x":10,"y":13,"z":1,"id":1}},
 {"chip":{"x":10,"y":15,"z":1,"id":1}},
 {"chip":{"x":10,"y":17,"z":1,"id":1}},
 {"chip":{"x":12,"y":10,"z":1,"id":1}},
 {"chip":{"x":12,"y":15,"z":1,"id":52}},
 {"chip":{"x":12,"y":17,"z":1,"id":1}},
 {"chip":{"x":13,"y":12,"z":1,"id":1}},
 {"chip":{"x":14,"y":10,"z":1,"id":1}},
 {"chip":{"x":14,"y":17,"z":1,"id":52}},
 {"chip":{"x":15,"y":12,"z":1,"id":1}},
 {"chip":{"x":16,"y":10,"z":1,"id":1}},
 {"chip":{"x":17,"y":12,"z":1,"id":1}},
 {"chip":{"x":10,"y":12,"z":2,"id":1}},
 {"chip":{"x":10,"y":17,"z":2,"id":1}},
 {"chip":{"x":11,"y":15,"z":2,"id":1}},
 {"chip":{"x":12,"y":10,"z":2,"id":1}},
 {"chip":{"x":12,"y":17,"z":2,"id":1}},
 {"chip":{"x":13,"y":12,"z":2,"id":1}},
 {"chip":{"x":14,"y":10,"z":2,"id":1}},
 {"chip":{"x":15,"y":12,"z":2,"id":1}},
 {"chip":{"x":16,"y":10,"z":2,"id":1}},
 {"chip":{"x":17,"y":12,"z":2,"id":1}},
 {"chip":{"x":10,"y":12,"z":3,"id":1}},
 {"chip":{"x":10,"y":16,"z":3,"id":1}},
 {"chip":{"x":13,"y":10,"z":3,"id":1}},
 {"chip":{"x":14,"y":12,"z":3,"id":1}},
 {"chip":{"x":15,"y":10,"z":3,"id":1}},
 {"chip":{"x":16,"y":12,"z":3,"id":1}},
 {"chip":{"x":10,"y":12,"z":4,"id":1}},
 {"chip":{"x":10,"y":16,"z":4,"id":1}},
 {"chip":{"x":14,"y":10,"z":4,"id":1}},
 {"chip":{"x":15,"y":12,"z":4,"id":1}},
 {"chip":{"x":10,"y":5,"z":1,"id":1}},
 {"chip":{"x":10,"y":7,"z":1,"id":1}},
 {"chip":{"x":12,"y":6,"z":1,"id":1}},
 {"chip":{"x":1,"y":10,"z":1,"id":1}},
 {"chip":{"x":2,"y":12,"z":1,"id":1}},
 {"chip":{"x":3,"y":10,"z":1,"id":1}},
 {"chip":{"x":4,"y":12,"z":1,"id":1}},
 {"chip":{"x":4,"y":17,"z":1,"id":1}},
 {"chip":{"x":5,"y":10,"z":1,"id":1}},
 {"chip":{"x":6,"y":12,"z":1,"id":1}},
 {"chip":{"x":6,"y":15,"z":1,"id":1}},
 {"chip":{"x":6,"y":17,"z":1,"id":1}},
 {"chip":{"x":8,"y":11,"z":1,"id":1}},
 {"chip":{"x":8,"y":13,"z":1,"id":1}},
 {"chip":{"x":8,"y":15,"z":1,"id":1}},
 {"chip":{"x":8,"y":17,"z":1,"id":1}},
 {"chip":{"x":10,"y":1,"z":1,"id":1}},
 {"chip":{"x":10,"y":3,"z":1,"id":1}},
 {"chip":{"x":12,"y":1,"z":1,"id":1}},
 {"chip":{"x":12,"y":3,"z":1,"id":52}},
 {"chip":{"x":13,"y":8,"z":1,"id":1}},
 {"chip":{"x":14,"y":1,"z":1,"id":52}},
 {"chip":{"x":14,"y":6,"z":1,"id":1}},
 {"chip":{"x":15,"y":8,"z":1,"id":1}},
 {"chip":{"x":16,"y":6,"z":1,"id":1}},
 {"chip":{"x":17,"y":8,"z":1,"id":1}},
 {"chip":{"x":1,"y":10,"z":2,"id":1}},
 {"chip":{"x":2,"y":12,"z":2,"id":1}},
 {"chip":{"x":3,"y":10,"z":2,"id":1}},
 {"chip":{"x":4,"y":12,"z":2,"id":1}},
 {"chip":{"x":5,"y":10,"z":2,"id":1}},
 {"chip":{"x":6,"y":12,"z":2,"id":1}},
 {"chip":{"x":6,"y":17,"z":2,"id":1}},
 {"chip":{"x":7,"y":15,"z":2,"id":1}},
 {"chip":{"x":8,"y":12,"z":2,"id":1}},
 {"chip":{"x":8,"y":17,"z":2,"id":1}},
 {"chip":{"x":9,"y":15,"z":2,"id":1}},
 {"chip":{"x":10,"y":1,"z":2,"id":1}},
 {"chip":{"x":10,"y":6,"z":2,"id":1}},
 {"chip":{"x":10,"y":9,"z":2,"id":1}},
 {"chip":{"x":11,"y":3,"z":2,"id":1}},
 {"chip":{"x":12,"y":1,"z":2,"id":1}},
 {"chip":{"x":12,"y":6,"z":2,"id":1}},
 {"chip":{"x":13,"y":8,"z":2,"id":1}},
 {"chip":{"x":14,"y":6,"z":2,"id":1}},
 {"chip":{"x":15,"y":8,"z":2,"id":1}},
 {"chip":{"x":16,"y":6,"z":2,"id":1}},
 {"chip":{"x":17,"y":8,"z":2,"id":1}},
 {"chip":{"x":2,"y":10,"z":3,"id":1}},
 {"chip":{"x":3,"y":12,"z":3,"id":1}},
 {"chip":{"x":4,"y":10,"z":3,"id":1}},
 {"chip":{"x":5,"y":12,"z":3,"id":1}},
 {"chip":{"x":7,"y":10,"z":3,"id":1}},
 {"chip":{"x":7,"y":14,"z":3,"id":1}},
 {"chip":{"x":8,"y":12,"z":3,"id":1}},
 {"chip":{"x":8,"y":16,"z":3,"id":1}},
 {"chip":{"x":9,"y":10,"z":3,"id":1}},
 {"chip":{"x":9,"y":14,"z":3,"id":1}},
 {"chip":{"x":10,"y":4,"z":3,"id":1}},
 {"chip":{"x":10,"y":8,"z":3,"id":1}},
 {"chip":{"x":13,"y":6,"z":3,"id":1}},
 {"chip":{"x":14,"y":8,"z":3,"id":1}},
 {"chip":{"x":15,"y":6,"z":3,"id":1}},
 {"chip":{"x":16,"y":8,"z":3,"id":1}},
 {"chip":{"x":3,"y":10,"z":4,"id":1}},
 {"chip":{"x":4,"y":12,"z":4,"id":1}},
 {"chip":{"x":9,"y":10,"z":4,"id":1}},
 {"chip":{"x":9,"y":14,"z":4,"id":1}},
 {"chip":{"x":10,"y":4,"z":4,"id":1}},
 {"chip":{"x":10,"y":8,"z":4,"id":1}},
 {"chip":{"x":14,"y":6,"z":4,"id":1}},
 {"chip":{"x":15,"y":8,"z":4,"id":1}},
 {"chip":{"x":8,"y":5,"z":1,"id":1}},
 {"chip":{"x":8,"y":7,"z":1,"id":1}},
 {"chip":{"x":1,"y":6,"z":1,"id":1}},
 {"chip":{"x":2,"y":8,"z":1,"id":1}},
 {"chip":{"x":3,"y":6,"z":1,"id":1}},
 {"chip":{"x":4,"y":1,"z":1,"id":1}},
 {"chip":{"x":4,"y":8,"z":1,"id":1}},
 {"chip":{"x":5,"y":6,"z":1,"id":1}},
 {"chip":{"x":6,"y":1,"z":1,"id":1}},
 {"chip":{"x":6,"y":3,"z":1,"id":1}},
 {"chip":{"x":6,"y":8,"z":1,"id":1}},
 {"chip":{"x":8,"y":1,"z":1,"id":1}},
 {"chip":{"x":8,"y":3,"z":1,"id":1}},
 {"chip":{"x":1,"y":6,"z":2,"id":1}},
 {"chip":{"x":2,"y":8,"z":2,"id":1}},
 {"chip":{"x":3,"y":6,"z":2,"id":1}},
 {"chip":{"x":4,"y":8,"z":2,"id":1}},
 {"chip":{"x":5,"y":6,"z":2,"id":1}},
 {"chip":{"x":6,"y":1,"z":2,"id":1}},
 {"chip":{"x":6,"y":8,"z":2,"id":1}},
 {"chip":{"x":7,"y":3,"z":2,"id":1}},
 {"chip":{"x":8,"y":1,"z":2,"id":1}},
 {"chip":{"x":8,"y":6,"z":2,"id":1}},
 {"chip":{"x":8,"y":9,"z":2,"id":1}},
 {"chip":{"x":9,"y":3,"z":2,"id":1}},
 {"chip":{"x":2,"y":6,"z":3,"id":1}},
 {"chip":{"x":3,"y":8,"z":3,"id":1}},
 {"chip":{"x":4,"y":6,"z":3,"id":1}},
 {"chip":{"x":5,"y":8,"z":3,"id":1}},
 {"chip":{"x":7,"y":2,"z":3,"id":1}},
 {"chip":{"x":7,"y":6,"z":3,"id":1}},
 {"chip":{"x":8,"y":4,"z":3,"id":1}},
 {"chip":{"x":8,"y":8,"z":3,"id":1}},
 {"chip":{"x":9,"y":2,"z":3,"id":1}},
 {"chip":{"x":9,"y":6,"z":3,"id":1}},
 {"chip":{"x":3,"y":6,"z":4,"id":1}},
 {"chip":{"x":4,"y":8,"z":4,"id":1}},
 {"chip":{"x":9,"y":2,"z":4,"id":1}},
 {"chip":{"x":9,"y":6,"z":4,"id":1}}
    ]
}