{
	"levelid":5,
    "width":9,
    "height":9,
    "targetCountTotal":50,
    "chips":[
 {"chip":{"x":13,"y":11,"z":1,"id":51}}, {"chip":{"x":11,"y":11,"z":1,"id":1}}, {"chip":{"x":11,"y":13,"z":1,"id":1}}, {"chip":{"x":15,"y":11,"z":1,"id":1}}, {"chip":{"x":11,"y":11,"z":2,"id":1}}, {"chip":{"x":15,"y":11,"z":2,"id":1}}, {"chip":{"x":5,"y":11,"z":1,"id":51}}, {"chip":{"x":13,"y":7,"z":1,"id":51}}, {"chip":{"x":13,"y":13,"z":1,"id":1}}, {"chip":{"x":9,"y":13,"z":1,"id":1}}, {"chip":{"x":7,"y":13,"z":1,"id":1}}, {"chip":{"x":11,"y":7,"z":1,"id":1}}, {"chip":{"x":7,"y":11,"z":1,"id":1}}, {"chip":{"x":11,"y":5,"z":1,"id":1}}, {"chip":{"x":13,"y":9,"z":1,"id":1}}, {"chip":{"x":3,"y":11,"z":1,"id":1}}, {"chip":{"x":15,"y":7,"z":1,"id":1}}, {"chip":{"x":15,"y":9,"z":1,"id":1}}, {"chip":{"x":11,"y":7,"z":2,"id":1}}, {"chip":{"x":3,"y":11,"z":2,"id":1}}, {"chip":{"x":7,"y":11,"z":2,"id":1}}, {"chip":{"x":15,"y":7,"z":2,"id":1}}, {"chip":{"x":11,"y":9,"z":1,"id":1}}, {"chip":{"x":5,"y":7,"z":1,"id":51}}, {"chip":{"x":11,"y":9,"z":2,"id":1}}, {"chip":{"x":15,"y":9,"z":2,"id":1}}, {"chip":{"x":5,"y":13,"z":1,"id":1}}, {"chip":{"x":13,"y":5,"z":1,"id":1}}, {"chip":{"x":9,"y":5,"z":1,"id":1}}, {"chip":{"x":7,"y":5,"z":1,"id":1}}, {"chip":{"x":7,"y":7,"z":1,"id":1}}, {"chip":{"x":5,"y":9,"z":1,"id":1}}, {"chip":{"x":3,"y":7,"z":1,"id":1}}, {"chip":{"x":3,"y":9,"z":1,"id":1}}, {"chip":{"x":7,"y":7,"z":2,"id":1}}, {"chip":{"x":3,"y":7,"z":2,"id":1}}, {"chip":{"x":7,"y":9,"z":1,"id":1}}, {"chip":{"x":7,"y":9,"z":2,"id":1}}, {"chip":{"x":3,"y":9,"z":2,"id":1}}, {"chip":{"x":5,"y":5,"z":1,"id":1}}
    ]
}