{
	"levelid":23,
    "width":9,
    "height":9,
    "targetCountTotal":102,
    "chips":[
 {"chip":{"x":13,"y":12,"z":1,"id":1}}, {"chip":{"x":11,"y":12,"z":1,"id":1}}, {"chip":{"x":11,"y":12,"z":2,"id":1}}, {"chip":{"x":11,"y":16,"z":1,"id":1}}, {"chip":{"x":13,"y":16,"z":1,"id":1}}, {"chip":{"x":13,"y":16,"z":2,"id":1}}, {"chip":{"x":13,"y":10,"z":1,"id":1}}, {"chip":{"x":13,"y":10,"z":2,"id":1}}, {"chip":{"x":11,"y":14,"z":1,"id":1}}, {"chip":{"x":15,"y":14,"z":1,"id":1}}, {"chip":{"x":15,"y":16,"z":1,"id":1}}, {"chip":{"x":15,"y":14,"z":2,"id":1}}, {"chip":{"x":15,"y":16,"z":2,"id":1}}, {"chip":{"x":11,"y":10,"z":1,"id":1}}, {"chip":{"x":13,"y":14,"z":1,"id":1}}, {"chip":{"x":11,"y":10,"z":2,"id":1}}, {"chip":{"x":13,"y":14,"z":2,"id":1}}, {"chip":{"x":11,"y":10,"z":3,"id":1}}, {"chip":{"x":14,"y":14,"z":3,"id":1}}, {"chip":{"x":14,"y":16,"z":3,"id":1}}, {"chip":{"x":14,"y":15,"z":4,"id":1}}, {"chip":{"x":9,"y":10,"z":1,"id":51}}, {"chip":{"x":9,"y":10,"z":2,"id":51}}, {"chip":{"x":13,"y":6,"z":1,"id":1}}, {"chip":{"x":5,"y":12,"z":1,"id":1}}, {"chip":{"x":9,"y":12,"z":1,"id":1}}, {"chip":{"x":11,"y":6,"z":2,"id":1}}, {"chip":{"x":7,"y":12,"z":1,"id":1}}, {"chip":{"x":11,"y":6,"z":1,"id":1}}, {"chip":{"x":7,"y":12,"z":2,"id":1}}, {"chip":{"x":9,"y":12,"z":2,"id":1}}, {"chip":{"x":9,"y":12,"z":3,"id":1}}, {"chip":{"x":13,"y":8,"z":1,"id":1}}, {"chip":{"x":13,"y":8,"z":2,"id":1}}, {"chip":{"x":5,"y":16,"z":1,"id":1}}, {"chip":{"x":7,"y":16,"z":1,"id":1}}, {"chip":{"x":11,"y":2,"z":1,"id":1}}, {"chip":{"x":13,"y":2,"z":1,"id":1}}, {"chip":{"x":5,"y":16,"z":2,"id":1}}, {"chip":{"x":13,"y":2,"z":2,"id":1}}, {"chip":{"x":5,"y":10,"z":1,"id":1}}, {"chip":{"x":5,"y":10,"z":2,"id":1}}, {"chip":{"x":15,"y":2,"z":1,"id":1}}, {"chip":{"x":9,"y":14,"z":1,"id":1}}, {"chip":{"x":7,"y":14,"z":1,"id":1}}, {"chip":{"x":11,"y":8,"z":1,"id":1}}, {"chip":{"x":11,"y":8,"z":2,"id":1}}, {"chip":{"x":3,"y":14,"z":1,"id":1}}, {"chip":{"x":3,"y":16,"z":1,"id":1}}, {"chip":{"x":15,"y":4,"z":1,"id":1}}, {"chip":{"x":3,"y":14,"z":2,"id":1}}, {"chip":{"x":3,"y":16,"z":2,"id":1}}, {"chip":{"x":15,"y":2,"z":2,"id":1}}, {"chip":{"x":15,"y":4,"z":2,"id":1}}, {"chip":{"x":7,"y":10,"z":1,"id":1}}, {"chip":{"x":7,"y":10,"z":2,"id":1}}, {"chip":{"x":5,"y":14,"z":1,"id":1}}, {"chip":{"x":9,"y":16,"z":1,"id":1}}, {"chip":{"x":11,"y":4,"z":1,"id":1}}, {"chip":{"x":13,"y":4,"z":1,"id":1}}, {"chip":{"x":5,"y":14,"z":2,"id":1}}, {"chip":{"x":9,"y":16,"z":2,"id":1}}, {"chip":{"x":13,"y":4,"z":2,"id":1}}, {"chip":{"x":7,"y":10,"z":3,"id":1}}, {"chip":{"x":9,"y":16,"z":3,"id":1}}, {"chip":{"x":11,"y":8,"z":3,"id":1}}, {"chip":{"x":4,"y":14,"z":3,"id":1}}, {"chip":{"x":4,"y":16,"z":3,"id":1}}, {"chip":{"x":14,"y":2,"z":3,"id":1}}, {"chip":{"x":14,"y":4,"z":3,"id":1}}, {"chip":{"x":4,"y":15,"z":4,"id":1}}, {"chip":{"x":14,"y":3,"z":4,"id":1}}, {"chip":{"x":9,"y":8,"z":1,"id":51}}, {"chip":{"x":9,"y":8,"z":2,"id":51}}, {"chip":{"x":5,"y":6,"z":1,"id":1}}, {"chip":{"x":9,"y":6,"z":1,"id":1}}, {"chip":{"x":9,"y":6,"z":2,"id":1}}, {"chip":{"x":9,"y":6,"z":3,"id":1}}, {"chip":{"x":7,"y":6,"z":2,"id":1}}, {"chip":{"x":7,"y":6,"z":1,"id":1}}, {"chip":{"x":5,"y":8,"z":1,"id":1}}, {"chip":{"x":5,"y":8,"z":2,"id":1}}, {"chip":{"x":5,"y":2,"z":1,"id":1}}, {"chip":{"x":7,"y":2,"z":1,"id":1}}, {"chip":{"x":5,"y":2,"z":2,"id":1}}, {"chip":{"x":7,"y":8,"z":1,"id":1}}, {"chip":{"x":7,"y":8,"z":2,"id":1}}, {"chip":{"x":3,"y":2,"z":1,"id":1}}, {"chip":{"x":3,"y":4,"z":1,"id":1}}, {"chip":{"x":3,"y":2,"z":2,"id":1}}, {"chip":{"x":3,"y":4,"z":2,"id":1}}, {"chip":{"x":9,"y":2,"z":1,"id":1}}, {"chip":{"x":9,"y":4,"z":1,"id":1}}, {"chip":{"x":5,"y":4,"z":1,"id":1}}, {"chip":{"x":7,"y":4,"z":1,"id":1}}, {"chip":{"x":5,"y":4,"z":2,"id":1}}, {"chip":{"x":9,"y":2,"z":2,"id":1}}, {"chip":{"x":7,"y":8,"z":3,"id":1}}, {"chip":{"x":9,"y":2,"z":3,"id":1}}, {"chip":{"x":4,"y":2,"z":3,"id":1}}, {"chip":{"x":4,"y":4,"z":3,"id":1}}, {"chip":{"x":4,"y":3,"z":4,"id":1}}
    ]
}