{
	"levelid":374,
    "width":9,
    "height":9,
    "targetCountTotal":146,
    "chips":[
 {"chip":{"x":11,"y":10,"z":1,"id":54}}, {"chip":{"x":11,"y":12,"z":1,"id":54}}, {"chip":{"x":13,"y":11,"z":2,"id":51}}, {"chip":{"x":11,"y":10,"z":3,"id":54}}, {"chip":{"x":11,"y":12,"z":3,"id":54}}, {"chip":{"x":13,"y":11,"z":4,"id":51}}, {"chip":{"x":17,"y":12,"z":1,"id":58}}, {"chip":{"x":13,"y":11,"z":1,"id":1}}, {"chip":{"x":15,"y":12,"z":1,"id":1}}, {"chip":{"x":15,"y":16,"z":1,"id":1}}, {"chip":{"x":16,"y":10,"z":1,"id":1}}, {"chip":{"x":16,"y":14,"z":1,"id":1}}, {"chip":{"x":11,"y":10,"z":2,"id":1}}, {"chip":{"x":11,"y":12,"z":2,"id":1}}, {"chip":{"x":15,"y":12,"z":2,"id":1}}, {"chip":{"x":15,"y":16,"z":2,"id":1}}, {"chip":{"x":16,"y":10,"z":2,"id":1}}, {"chip":{"x":16,"y":14,"z":2,"id":1}}, {"chip":{"x":13,"y":11,"z":3,"id":1}}, {"chip":{"x":15,"y":12,"z":3,"id":1}}, {"chip":{"x":15,"y":16,"z":3,"id":1}}, {"chip":{"x":16,"y":10,"z":3,"id":1}}, {"chip":{"x":16,"y":14,"z":3,"id":1}}, {"chip":{"x":11,"y":10,"z":4,"id":1}}, {"chip":{"x":11,"y":12,"z":4,"id":1}}, {"chip":{"x":15,"y":12,"z":4,"id":1}}, {"chip":{"x":15,"y":16,"z":4,"id":1}}, {"chip":{"x":16,"y":10,"z":4,"id":1}}, {"chip":{"x":16,"y":14,"z":4,"id":1}}, {"chip":{"x":7,"y":10,"z":1,"id":54}}, {"chip":{"x":7,"y":12,"z":1,"id":54}}, {"chip":{"x":11,"y":6,"z":1,"id":54}}, {"chip":{"x":11,"y":8,"z":1,"id":54}}, {"chip":{"x":5,"y":11,"z":2,"id":51}}, {"chip":{"x":9,"y":10,"z":2,"id":54}}, {"chip":{"x":9,"y":12,"z":2,"id":54}}, {"chip":{"x":7,"y":10,"z":3,"id":54}}, {"chip":{"x":7,"y":12,"z":3,"id":54}}, {"chip":{"x":11,"y":6,"z":3,"id":54}}, {"chip":{"x":11,"y":8,"z":3,"id":54}}, {"chip":{"x":5,"y":11,"z":4,"id":51}}, {"chip":{"x":9,"y":10,"z":4,"id":54}}, {"chip":{"x":9,"y":12,"z":4,"id":54}}, {"chip":{"x":1,"y":12,"z":1,"id":57}}, {"chip":{"x":11,"y":6,"z":2,"id":1}}, {"chip":{"x":2,"y":10,"z":1,"id":1}}, {"chip":{"x":2,"y":14,"z":1,"id":1}}, {"chip":{"x":3,"y":12,"z":1,"id":1}}, {"chip":{"x":3,"y":16,"z":1,"id":1}}, {"chip":{"x":5,"y":11,"z":1,"id":1}}, {"chip":{"x":9,"y":10,"z":1,"id":1}}, {"chip":{"x":9,"y":12,"z":1,"id":1}}, {"chip":{"x":9,"y":14,"z":1,"id":1}}, {"chip":{"x":13,"y":7,"z":1,"id":1}}, {"chip":{"x":13,"y":9,"z":1,"id":1}}, {"chip":{"x":15,"y":4,"z":1,"id":1}}, {"chip":{"x":16,"y":2,"z":1,"id":1}}, {"chip":{"x":16,"y":6,"z":1,"id":1}}, {"chip":{"x":17,"y":8,"z":1,"id":1}}, {"chip":{"x":2,"y":10,"z":2,"id":1}}, {"chip":{"x":2,"y":14,"z":2,"id":1}}, {"chip":{"x":3,"y":12,"z":2,"id":1}}, {"chip":{"x":3,"y":16,"z":2,"id":1}}, {"chip":{"x":7,"y":10,"z":2,"id":1}}, {"chip":{"x":7,"y":12,"z":2,"id":1}}, {"chip":{"x":9,"y":14,"z":2,"id":1}}, {"chip":{"x":11,"y":8,"z":2,"id":1}}, {"chip":{"x":13,"y":7,"z":2,"id":1}}, {"chip":{"x":13,"y":9,"z":2,"id":1}}, {"chip":{"x":15,"y":4,"z":2,"id":1}}, {"chip":{"x":16,"y":2,"z":2,"id":1}}, {"chip":{"x":16,"y":6,"z":2,"id":1}}, {"chip":{"x":17,"y":8,"z":2,"id":1}}, {"chip":{"x":2,"y":10,"z":3,"id":1}}, {"chip":{"x":2,"y":14,"z":3,"id":1}}, {"chip":{"x":3,"y":12,"z":3,"id":1}}, {"chip":{"x":3,"y":16,"z":3,"id":1}}, {"chip":{"x":5,"y":11,"z":3,"id":1}}, {"chip":{"x":9,"y":10,"z":3,"id":1}}, {"chip":{"x":9,"y":12,"z":3,"id":1}}, {"chip":{"x":9,"y":14,"z":3,"id":1}}, {"chip":{"x":13,"y":7,"z":3,"id":1}}, {"chip":{"x":13,"y":9,"z":3,"id":1}}, {"chip":{"x":15,"y":4,"z":3,"id":1}}, {"chip":{"x":16,"y":2,"z":3,"id":1}}, {"chip":{"x":16,"y":6,"z":3,"id":1}}, {"chip":{"x":17,"y":8,"z":3,"id":1}}, {"chip":{"x":2,"y":10,"z":4,"id":1}}, {"chip":{"x":2,"y":14,"z":4,"id":1}}, {"chip":{"x":3,"y":12,"z":4,"id":1}}, {"chip":{"x":3,"y":16,"z":4,"id":1}}, {"chip":{"x":7,"y":10,"z":4,"id":1}}, {"chip":{"x":7,"y":12,"z":4,"id":1}}, {"chip":{"x":9,"y":14,"z":4,"id":1}}, {"chip":{"x":11,"y":6,"z":4,"id":1}}, {"chip":{"x":11,"y":8,"z":4,"id":1}}, {"chip":{"x":13,"y":7,"z":4,"id":1}}, {"chip":{"x":13,"y":9,"z":4,"id":1}}, {"chip":{"x":15,"y":4,"z":4,"id":1}}, {"chip":{"x":16,"y":2,"z":4,"id":1}}, {"chip":{"x":16,"y":6,"z":4,"id":1}}, {"chip":{"x":17,"y":8,"z":4,"id":1}}, {"chip":{"x":7,"y":6,"z":1,"id":54}}, {"chip":{"x":7,"y":8,"z":1,"id":54}}, {"chip":{"x":9,"y":6,"z":2,"id":54}}, {"chip":{"x":9,"y":8,"z":2,"id":54}}, {"chip":{"x":7,"y":6,"z":3,"id":54}}, {"chip":{"x":7,"y":8,"z":3,"id":54}}, {"chip":{"x":9,"y":6,"z":4,"id":54}}, {"chip":{"x":9,"y":8,"z":4,"id":54}}, {"chip":{"x":7,"y":6,"z":2,"id":1}}, {"chip":{"x":1,"y":8,"z":1,"id":1}}, {"chip":{"x":2,"y":2,"z":1,"id":1}}, {"chip":{"x":2,"y":6,"z":1,"id":1}}, {"chip":{"x":3,"y":4,"z":1,"id":1}}, {"chip":{"x":5,"y":7,"z":1,"id":1}}, {"chip":{"x":5,"y":9,"z":1,"id":1}}, {"chip":{"x":9,"y":4,"z":1,"id":1}}, {"chip":{"x":9,"y":6,"z":1,"id":1}}, {"chip":{"x":9,"y":8,"z":1,"id":1}}, {"chip":{"x":1,"y":8,"z":2,"id":1}}, {"chip":{"x":2,"y":2,"z":2,"id":1}}, {"chip":{"x":2,"y":6,"z":2,"id":1}}, {"chip":{"x":3,"y":4,"z":2,"id":1}}, {"chip":{"x":5,"y":7,"z":2,"id":1}}, {"chip":{"x":5,"y":9,"z":2,"id":1}}, {"chip":{"x":7,"y":8,"z":2,"id":1}}, {"chip":{"x":9,"y":4,"z":2,"id":1}}, {"chip":{"x":1,"y":8,"z":3,"id":1}}, {"chip":{"x":2,"y":2,"z":3,"id":1}}, {"chip":{"x":2,"y":6,"z":3,"id":1}}, {"chip":{"x":3,"y":4,"z":3,"id":1}}, {"chip":{"x":5,"y":7,"z":3,"id":1}}, {"chip":{"x":5,"y":9,"z":3,"id":1}}, {"chip":{"x":9,"y":4,"z":3,"id":1}}, {"chip":{"x":9,"y":6,"z":3,"id":1}}, {"chip":{"x":9,"y":8,"z":3,"id":1}}, {"chip":{"x":1,"y":8,"z":4,"id":1}}, {"chip":{"x":2,"y":2,"z":4,"id":1}}, {"chip":{"x":2,"y":6,"z":4,"id":1}}, {"chip":{"x":3,"y":4,"z":4,"id":1}}, {"chip":{"x":5,"y":7,"z":4,"id":1}}, {"chip":{"x":5,"y":9,"z":4,"id":1}}, {"chip":{"x":7,"y":6,"z":4,"id":1}}, {"chip":{"x":7,"y":8,"z":4,"id":1}}, {"chip":{"x":9,"y":4,"z":4,"id":1}}
    ]
}