{
    "levelid":411,
    "width":9,
    "height":9,
    "targetCountTotal":145,
    "chips":[
 {"chip":{"x":12,"y":14,"z":1,"id":55}}, {"chip":{"x":14,"y":16,"z":1,"id":55}}, {"chip":{"x":12,"y":16,"z":2,"id":51}}, {"chip":{"x":10,"y":12,"z":1,"id":1}}, {"chip":{"x":10,"y":14,"z":1,"id":1}}, {"chip":{"x":10,"y":16,"z":1,"id":1}}, {"chip":{"x":12,"y":12,"z":1,"id":1}}, {"chip":{"x":12,"y":16,"z":1,"id":1}}, {"chip":{"x":14,"y":10,"z":1,"id":1}}, {"chip":{"x":14,"y":12,"z":1,"id":1}}, {"chip":{"x":14,"y":14,"z":1,"id":1}}, {"chip":{"x":10,"y":12,"z":2,"id":1}}, {"chip":{"x":10,"y":14,"z":2,"id":1}}, {"chip":{"x":10,"y":16,"z":2,"id":1}}, {"chip":{"x":12,"y":12,"z":2,"id":1}}, {"chip":{"x":12,"y":14,"z":2,"id":1}}, {"chip":{"x":14,"y":10,"z":2,"id":1}}, {"chip":{"x":14,"y":12,"z":2,"id":1}}, {"chip":{"x":14,"y":14,"z":2,"id":1}}, {"chip":{"x":14,"y":16,"z":2,"id":1}}, {"chip":{"x":10,"y":12,"z":3,"id":1}}, {"chip":{"x":10,"y":14,"z":3,"id":1}}, {"chip":{"x":10,"y":16,"z":3,"id":1}}, {"chip":{"x":12,"y":12,"z":3,"id":1}}, {"chip":{"x":12,"y":14,"z":3,"id":1}}, {"chip":{"x":14,"y":12,"z":3,"id":1}}, {"chip":{"x":14,"y":14,"z":3,"id":1}}, {"chip":{"x":14,"y":16,"z":3,"id":1}}, {"chip":{"x":10,"y":13,"z":4,"id":1}}, {"chip":{"x":10,"y":15,"z":4,"id":1}}, {"chip":{"x":12,"y":13,"z":4,"id":1}}, {"chip":{"x":14,"y":14,"z":4,"id":1}}, {"chip":{"x":14,"y":16,"z":4,"id":1}}, {"chip":{"x":11,"y":13,"z":5,"id":1}}, {"chip":{"x":14,"y":16,"z":5,"id":1}}, {"chip":{"x":4,"y":16,"z":1,"id":55}}, {"chip":{"x":6,"y":14,"z":1,"id":55}}, {"chip":{"x":12,"y":4,"z":1,"id":55}}, {"chip":{"x":6,"y":16,"z":2,"id":51}}, {"chip":{"x":12,"y":2,"z":2,"id":51}}, {"chip":{"x":12,"y":6,"z":1,"id":1}}, {"chip":{"x":4,"y":10,"z":1,"id":1}}, {"chip":{"x":4,"y":12,"z":1,"id":1}}, {"chip":{"x":4,"y":14,"z":1,"id":1}}, {"chip":{"x":6,"y":12,"z":1,"id":1}}, {"chip":{"x":6,"y":16,"z":1,"id":1}}, {"chip":{"x":8,"y":12,"z":1,"id":1}}, {"chip":{"x":8,"y":14,"z":1,"id":1}}, {"chip":{"x":8,"y":16,"z":1,"id":1}}, {"chip":{"x":10,"y":2,"z":1,"id":1}}, {"chip":{"x":10,"y":4,"z":1,"id":1}}, {"chip":{"x":10,"y":6,"z":1,"id":1}}, {"chip":{"x":12,"y":2,"z":1,"id":1}}, {"chip":{"x":14,"y":2,"z":1,"id":1}}, {"chip":{"x":14,"y":4,"z":1,"id":1}}, {"chip":{"x":14,"y":6,"z":1,"id":1}}, {"chip":{"x":14,"y":8,"z":1,"id":1}}, {"chip":{"x":4,"y":10,"z":2,"id":1}}, {"chip":{"x":4,"y":12,"z":2,"id":1}}, {"chip":{"x":4,"y":14,"z":2,"id":1}}, {"chip":{"x":4,"y":16,"z":2,"id":1}}, {"chip":{"x":6,"y":12,"z":2,"id":1}}, {"chip":{"x":6,"y":14,"z":2,"id":1}}, {"chip":{"x":8,"y":12,"z":2,"id":1}}, {"chip":{"x":8,"y":14,"z":2,"id":1}}, {"chip":{"x":8,"y":16,"z":2,"id":1}}, {"chip":{"x":10,"y":2,"z":2,"id":1}}, {"chip":{"x":10,"y":4,"z":2,"id":1}}, {"chip":{"x":10,"y":6,"z":2,"id":1}}, {"chip":{"x":12,"y":4,"z":2,"id":1}}, {"chip":{"x":12,"y":6,"z":2,"id":1}}, {"chip":{"x":14,"y":2,"z":2,"id":1}}, {"chip":{"x":14,"y":4,"z":2,"id":1}}, {"chip":{"x":14,"y":6,"z":2,"id":1}}, {"chip":{"x":14,"y":8,"z":2,"id":1}}, {"chip":{"x":4,"y":12,"z":3,"id":1}}, {"chip":{"x":4,"y":14,"z":3,"id":1}}, {"chip":{"x":4,"y":16,"z":3,"id":1}}, {"chip":{"x":6,"y":12,"z":3,"id":1}}, {"chip":{"x":6,"y":14,"z":3,"id":1}}, {"chip":{"x":8,"y":12,"z":3,"id":1}}, {"chip":{"x":8,"y":14,"z":3,"id":1}}, {"chip":{"x":8,"y":16,"z":3,"id":1}}, {"chip":{"x":10,"y":2,"z":3,"id":1}}, {"chip":{"x":10,"y":4,"z":3,"id":1}}, {"chip":{"x":10,"y":6,"z":3,"id":1}}, {"chip":{"x":12,"y":4,"z":3,"id":1}}, {"chip":{"x":12,"y":6,"z":3,"id":1}}, {"chip":{"x":14,"y":2,"z":3,"id":1}}, {"chip":{"x":14,"y":4,"z":3,"id":1}}, {"chip":{"x":14,"y":6,"z":3,"id":1}}, {"chip":{"x":4,"y":14,"z":4,"id":1}}, {"chip":{"x":4,"y":16,"z":4,"id":1}}, {"chip":{"x":6,"y":13,"z":4,"id":1}}, {"chip":{"x":8,"y":13,"z":4,"id":1}}, {"chip":{"x":8,"y":15,"z":4,"id":1}}, {"chip":{"x":10,"y":3,"z":4,"id":1}}, {"chip":{"x":10,"y":5,"z":4,"id":1}}, {"chip":{"x":12,"y":5,"z":4,"id":1}}, {"chip":{"x":14,"y":2,"z":4,"id":1}}, {"chip":{"x":14,"y":4,"z":4,"id":1}}, {"chip":{"x":4,"y":16,"z":5,"id":1}}, {"chip":{"x":7,"y":13,"z":5,"id":1}}, {"chip":{"x":9,"y":13,"z":5,"id":1}}, {"chip":{"x":9,"y":15,"z":5,"id":1}}, {"chip":{"x":11,"y":5,"z":5,"id":1}}, {"chip":{"x":14,"y":2,"z":5,"id":1}}, {"chip":{"x":6,"y":4,"z":1,"id":55}}, {"chip":{"x":6,"y":2,"z":2,"id":51}}, {"chip":{"x":7,"y":8,"z":1,"id":56}}, {"chip":{"x":6,"y":6,"z":1,"id":1}}, {"chip":{"x":4,"y":2,"z":1,"id":1}}, {"chip":{"x":4,"y":4,"z":1,"id":1}}, {"chip":{"x":4,"y":6,"z":1,"id":1}}, {"chip":{"x":4,"y":8,"z":1,"id":1}}, {"chip":{"x":6,"y":2,"z":1,"id":1}}, {"chip":{"x":8,"y":2,"z":1,"id":1}}, {"chip":{"x":8,"y":4,"z":1,"id":1}}, {"chip":{"x":8,"y":6,"z":1,"id":1}}, {"chip":{"x":4,"y":2,"z":2,"id":1}}, {"chip":{"x":4,"y":4,"z":2,"id":1}}, {"chip":{"x":4,"y":6,"z":2,"id":1}}, {"chip":{"x":4,"y":8,"z":2,"id":1}}, {"chip":{"x":6,"y":4,"z":2,"id":1}}, {"chip":{"x":6,"y":6,"z":2,"id":1}}, {"chip":{"x":8,"y":2,"z":2,"id":1}}, {"chip":{"x":8,"y":4,"z":2,"id":1}}, {"chip":{"x":8,"y":6,"z":2,"id":1}}, {"chip":{"x":4,"y":2,"z":3,"id":1}}, {"chip":{"x":4,"y":4,"z":3,"id":1}}, {"chip":{"x":4,"y":6,"z":3,"id":1}}, {"chip":{"x":6,"y":4,"z":3,"id":1}}, {"chip":{"x":6,"y":6,"z":3,"id":1}}, {"chip":{"x":8,"y":2,"z":3,"id":1}}, {"chip":{"x":8,"y":4,"z":3,"id":1}}, {"chip":{"x":8,"y":6,"z":3,"id":1}}, {"chip":{"x":4,"y":2,"z":4,"id":1}}, {"chip":{"x":4,"y":4,"z":4,"id":1}}, {"chip":{"x":6,"y":5,"z":4,"id":1}}, {"chip":{"x":8,"y":3,"z":4,"id":1}}, {"chip":{"x":8,"y":5,"z":4,"id":1}}, {"chip":{"x":4,"y":2,"z":5,"id":1}}, {"chip":{"x":7,"y":5,"z":5,"id":1}}, {"chip":{"x":9,"y":3,"z":5,"id":1}}, {"chip":{"x":9,"y":5,"z":5,"id":1}}
    ]
}
