{
	"levelid":24,
    "width":9,
    "height":9,
    "targetCountTotal":78,
    "chips":[
 {"chip":{"x":11,"y":15,"z":1,"id":1}}, {"chip":{"x":11,"y":11,"z":1,"id":1}}, {"chip":{"x":11,"y":11,"z":3,"id":1}}, {"chip":{"x":11,"y":11,"z":2,"id":1}}, {"chip":{"x":11,"y":13,"z":1,"id":1}}, {"chip":{"x":11,"y":13,"z":2,"id":1}}, {"chip":{"x":9,"y":12,"z":1,"id":51}}, {"chip":{"x":9,"y":12,"z":2,"id":51}}, {"chip":{"x":11,"y":13,"z":3,"id":1}}, {"chip":{"x":14,"y":13,"z":1,"id":1}}, {"chip":{"x":14,"y":10,"z":1,"id":1}}, {"chip":{"x":14,"y":10,"z":2,"id":1}}, {"chip":{"x":14,"y":13,"z":2,"id":1}}, {"chip":{"x":16,"y":11,"z":1,"id":1}}, {"chip":{"x":16,"y":14,"z":1,"id":1}}, {"chip":{"x":16,"y":11,"z":2,"id":1}}, {"chip":{"x":16,"y":14,"z":2,"id":1}}, {"chip":{"x":7,"y":15,"z":1,"id":1}}, {"chip":{"x":11,"y":3,"z":1,"id":1}}, {"chip":{"x":11,"y":7,"z":1,"id":1}}, {"chip":{"x":7,"y":11,"z":1,"id":1}}, {"chip":{"x":11,"y":7,"z":3,"id":1}}, {"chip":{"x":7,"y":11,"z":3,"id":1}}, {"chip":{"x":11,"y":7,"z":2,"id":1}}, {"chip":{"x":7,"y":11,"z":2,"id":1}}, {"chip":{"x":9,"y":14,"z":1,"id":1}}, {"chip":{"x":9,"y":14,"z":2,"id":1}}, {"chip":{"x":7,"y":13,"z":1,"id":1}}, {"chip":{"x":11,"y":5,"z":1,"id":1}}, {"chip":{"x":7,"y":13,"z":2,"id":1}}, {"chip":{"x":11,"y":5,"z":2,"id":1}}, {"chip":{"x":9,"y":10,"z":1,"id":1}}, {"chip":{"x":9,"y":10,"z":2,"id":1}}, {"chip":{"x":9,"y":10,"z":3,"id":1}}, {"chip":{"x":9,"y":6,"z":1,"id":51}}, {"chip":{"x":9,"y":6,"z":2,"id":51}}, {"chip":{"x":7,"y":13,"z":3,"id":1}}, {"chip":{"x":11,"y":5,"z":3,"id":1}}, {"chip":{"x":9,"y":14,"z":3,"id":1}}, {"chip":{"x":11,"y":9,"z":1,"id":1}}, {"chip":{"x":4,"y":13,"z":1,"id":1}}, {"chip":{"x":2,"y":11,"z":1,"id":1}}, {"chip":{"x":2,"y":14,"z":1,"id":1}}, {"chip":{"x":4,"y":10,"z":1,"id":1}}, {"chip":{"x":14,"y":4,"z":1,"id":1}}, {"chip":{"x":14,"y":7,"z":1,"id":1}}, {"chip":{"x":16,"y":5,"z":1,"id":1}}, {"chip":{"x":16,"y":8,"z":1,"id":1}}, {"chip":{"x":2,"y":11,"z":2,"id":1}}, {"chip":{"x":2,"y":14,"z":2,"id":1}}, {"chip":{"x":4,"y":10,"z":2,"id":1}}, {"chip":{"x":4,"y":13,"z":2,"id":1}}, {"chip":{"x":14,"y":4,"z":2,"id":1}}, {"chip":{"x":14,"y":7,"z":2,"id":1}}, {"chip":{"x":16,"y":5,"z":2,"id":1}}, {"chip":{"x":16,"y":8,"z":2,"id":1}}, {"chip":{"x":7,"y":3,"z":1,"id":1}}, {"chip":{"x":7,"y":7,"z":1,"id":1}}, {"chip":{"x":7,"y":7,"z":3,"id":1}}, {"chip":{"x":7,"y":7,"z":2,"id":1}}, {"chip":{"x":7,"y":5,"z":1,"id":1}}, {"chip":{"x":7,"y":5,"z":2,"id":1}}, {"chip":{"x":9,"y":8,"z":1,"id":1}}, {"chip":{"x":9,"y":8,"z":2,"id":1}}, {"chip":{"x":9,"y":4,"z":1,"id":1}}, {"chip":{"x":9,"y":4,"z":2,"id":1}}, {"chip":{"x":9,"y":8,"z":3,"id":1}}, {"chip":{"x":7,"y":5,"z":3,"id":1}}, {"chip":{"x":9,"y":4,"z":3,"id":1}}, {"chip":{"x":7,"y":9,"z":1,"id":1}}, {"chip":{"x":2,"y":5,"z":1,"id":1}}, {"chip":{"x":2,"y":8,"z":1,"id":1}}, {"chip":{"x":4,"y":4,"z":1,"id":1}}, {"chip":{"x":4,"y":7,"z":1,"id":1}}, {"chip":{"x":2,"y":5,"z":2,"id":1}}, {"chip":{"x":2,"y":8,"z":2,"id":1}}, {"chip":{"x":4,"y":4,"z":2,"id":1}}, {"chip":{"x":4,"y":7,"z":2,"id":1}}
    ]
}