{
    "levelid":803,
    "width":9,
    "height":9,
    "targetCountTotal":144,
    "chips":[
 {"chip":{"x":10,"y":10,"z":1,"id":1}},
 {"chip":{"x":11,"y":17,"z":1,"id":1}},
 {"chip":{"x":12,"y":10,"z":1,"id":1}},
 {"chip":{"x":13,"y":12,"z":1,"id":1}},
 {"chip":{"x":13,"y":17,"z":1,"id":1}},
 {"chip":{"x":14,"y":14,"z":1,"id":1}},
 {"chip":{"x":15,"y":17,"z":1,"id":1}},
 {"chip":{"x":16,"y":15,"z":1,"id":1}},
 {"chip":{"x":17,"y":17,"z":1,"id":1}},
 {"chip":{"x":10,"y":10,"z":2,"id":1}},
 {"chip":{"x":11,"y":17,"z":2,"id":1}},
 {"chip":{"x":12,"y":10,"z":2,"id":1}},
 {"chip":{"x":13,"y":12,"z":2,"id":1}},
 {"chip":{"x":13,"y":17,"z":2,"id":1}},
 {"chip":{"x":14,"y":14,"z":2,"id":1}},
 {"chip":{"x":15,"y":17,"z":2,"id":1}},
 {"chip":{"x":16,"y":15,"z":2,"id":1}},
 {"chip":{"x":17,"y":17,"z":2,"id":1}},
 {"chip":{"x":10,"y":10,"z":3,"id":1}},
 {"chip":{"x":11,"y":17,"z":3,"id":1}},
 {"chip":{"x":12,"y":10,"z":3,"id":1}},
 {"chip":{"x":13,"y":12,"z":3,"id":1}},
 {"chip":{"x":13,"y":17,"z":3,"id":1}},
 {"chip":{"x":14,"y":14,"z":3,"id":1}},
 {"chip":{"x":15,"y":17,"z":3,"id":1}},
 {"chip":{"x":16,"y":15,"z":3,"id":1}},
 {"chip":{"x":17,"y":17,"z":3,"id":1}},
 {"chip":{"x":10,"y":10,"z":4,"id":1}},
 {"chip":{"x":11,"y":17,"z":4,"id":1}},
 {"chip":{"x":12,"y":10,"z":4,"id":1}},
 {"chip":{"x":13,"y":12,"z":4,"id":1}},
 {"chip":{"x":13,"y":17,"z":4,"id":1}},
 {"chip":{"x":14,"y":14,"z":4,"id":1}},
 {"chip":{"x":15,"y":17,"z":4,"id":1}},
 {"chip":{"x":16,"y":15,"z":4,"id":1}},
 {"chip":{"x":17,"y":17,"z":4,"id":1}},
 {"chip":{"x":12,"y":6,"z":1,"id":1}},
 {"chip":{"x":1,"y":17,"z":1,"id":1}},
 {"chip":{"x":2,"y":10,"z":1,"id":1}},
 {"chip":{"x":3,"y":12,"z":1,"id":1}},
 {"chip":{"x":3,"y":17,"z":1,"id":1}},
 {"chip":{"x":4,"y":14,"z":1,"id":1}},
 {"chip":{"x":5,"y":17,"z":1,"id":1}},
 {"chip":{"x":6,"y":10,"z":1,"id":1}},
 {"chip":{"x":6,"y":15,"z":1,"id":1}},
 {"chip":{"x":7,"y":17,"z":1,"id":1}},
 {"chip":{"x":8,"y":14,"z":1,"id":1}},
 {"chip":{"x":9,"y":12,"z":1,"id":1}},
 {"chip":{"x":9,"y":17,"z":1,"id":1}},
 {"chip":{"x":10,"y":6,"z":1,"id":1}},
 {"chip":{"x":11,"y":8,"z":1,"id":1}},
 {"chip":{"x":13,"y":4,"z":1,"id":1}},
 {"chip":{"x":14,"y":2,"z":1,"id":1}},
 {"chip":{"x":16,"y":1,"z":1,"id":1}},
 {"chip":{"x":1,"y":17,"z":2,"id":1}},
 {"chip":{"x":2,"y":10,"z":2,"id":1}},
 {"chip":{"x":3,"y":12,"z":2,"id":1}},
 {"chip":{"x":3,"y":17,"z":2,"id":1}},
 {"chip":{"x":4,"y":14,"z":2,"id":1}},
 {"chip":{"x":5,"y":17,"z":2,"id":1}},
 {"chip":{"x":6,"y":10,"z":2,"id":1}},
 {"chip":{"x":6,"y":15,"z":2,"id":1}},
 {"chip":{"x":7,"y":17,"z":2,"id":1}},
 {"chip":{"x":8,"y":14,"z":2,"id":1}},
 {"chip":{"x":9,"y":12,"z":2,"id":1}},
 {"chip":{"x":9,"y":17,"z":2,"id":1}},
 {"chip":{"x":10,"y":6,"z":2,"id":1}},
 {"chip":{"x":11,"y":8,"z":2,"id":1}},
 {"chip":{"x":12,"y":6,"z":2,"id":1}},
 {"chip":{"x":13,"y":4,"z":2,"id":1}},
 {"chip":{"x":14,"y":2,"z":2,"id":1}},
 {"chip":{"x":16,"y":1,"z":2,"id":1}},
 {"chip":{"x":1,"y":17,"z":3,"id":1}},
 {"chip":{"x":2,"y":10,"z":3,"id":1}},
 {"chip":{"x":3,"y":12,"z":3,"id":1}},
 {"chip":{"x":3,"y":17,"z":3,"id":1}},
 {"chip":{"x":4,"y":14,"z":3,"id":1}},
 {"chip":{"x":5,"y":17,"z":3,"id":1}},
 {"chip":{"x":6,"y":10,"z":3,"id":1}},
 {"chip":{"x":6,"y":15,"z":3,"id":1}},
 {"chip":{"x":7,"y":17,"z":3,"id":1}},
 {"chip":{"x":8,"y":14,"z":3,"id":1}},
 {"chip":{"x":9,"y":12,"z":3,"id":1}},
 {"chip":{"x":9,"y":17,"z":3,"id":1}},
 {"chip":{"x":10,"y":6,"z":3,"id":1}},
 {"chip":{"x":11,"y":8,"z":3,"id":1}},
 {"chip":{"x":12,"y":6,"z":3,"id":1}},
 {"chip":{"x":13,"y":4,"z":3,"id":1}},
 {"chip":{"x":14,"y":2,"z":3,"id":1}},
 {"chip":{"x":16,"y":1,"z":3,"id":1}},
 {"chip":{"x":1,"y":17,"z":4,"id":1}},
 {"chip":{"x":2,"y":10,"z":4,"id":1}},
 {"chip":{"x":3,"y":12,"z":4,"id":1}},
 {"chip":{"x":3,"y":17,"z":4,"id":1}},
 {"chip":{"x":4,"y":14,"z":4,"id":1}},
 {"chip":{"x":5,"y":17,"z":4,"id":1}},
 {"chip":{"x":6,"y":10,"z":4,"id":1}},
 {"chip":{"x":6,"y":15,"z":4,"id":1}},
 {"chip":{"x":7,"y":17,"z":4,"id":1}},
 {"chip":{"x":8,"y":14,"z":4,"id":1}},
 {"chip":{"x":9,"y":12,"z":4,"id":1}},
 {"chip":{"x":9,"y":17,"z":4,"id":1}},
 {"chip":{"x":10,"y":6,"z":4,"id":1}},
 {"chip":{"x":11,"y":8,"z":4,"id":1}},
 {"chip":{"x":12,"y":6,"z":4,"id":1}},
 {"chip":{"x":13,"y":4,"z":4,"id":1}},
 {"chip":{"x":14,"y":2,"z":4,"id":1}},
 {"chip":{"x":16,"y":1,"z":4,"id":1}},
 {"chip":{"x":1,"y":8,"z":1,"id":1}},
 {"chip":{"x":2,"y":6,"z":1,"id":1}},
 {"chip":{"x":3,"y":4,"z":1,"id":1}},
 {"chip":{"x":4,"y":2,"z":1,"id":1}},
 {"chip":{"x":5,"y":7,"z":1,"id":1}},
 {"chip":{"x":6,"y":1,"z":1,"id":1}},
 {"chip":{"x":7,"y":7,"z":1,"id":1}},
 {"chip":{"x":8,"y":2,"z":1,"id":1}},
 {"chip":{"x":9,"y":4,"z":1,"id":1}},
 {"chip":{"x":1,"y":8,"z":2,"id":1}},
 {"chip":{"x":2,"y":6,"z":2,"id":1}},
 {"chip":{"x":3,"y":4,"z":2,"id":1}},
 {"chip":{"x":4,"y":2,"z":2,"id":1}},
 {"chip":{"x":5,"y":7,"z":2,"id":1}},
 {"chip":{"x":6,"y":1,"z":2,"id":1}},
 {"chip":{"x":7,"y":7,"z":2,"id":1}},
 {"chip":{"x":8,"y":2,"z":2,"id":1}},
 {"chip":{"x":9,"y":4,"z":2,"id":1}},
 {"chip":{"x":1,"y":8,"z":3,"id":1}},
 {"chip":{"x":2,"y":6,"z":3,"id":1}},
 {"chip":{"x":3,"y":4,"z":3,"id":1}},
 {"chip":{"x":4,"y":2,"z":3,"id":1}},
 {"chip":{"x":5,"y":7,"z":3,"id":1}},
 {"chip":{"x":6,"y":1,"z":3,"id":1}},
 {"chip":{"x":7,"y":7,"z":3,"id":1}},
 {"chip":{"x":8,"y":2,"z":3,"id":1}},
 {"chip":{"x":9,"y":4,"z":3,"id":1}},
 {"chip":{"x":1,"y":8,"z":4,"id":1}},
 {"chip":{"x":2,"y":6,"z":4,"id":1}},
 {"chip":{"x":3,"y":4,"z":4,"id":1}},
 {"chip":{"x":4,"y":2,"z":4,"id":1}},
 {"chip":{"x":5,"y":7,"z":4,"id":1}},
 {"chip":{"x":6,"y":1,"z":4,"id":1}},
 {"chip":{"x":7,"y":7,"z":4,"id":1}},
 {"chip":{"x":8,"y":2,"z":4,"id":1}},
 {"chip":{"x":9,"y":4,"z":4,"id":1}}
    ]
}
