{
	"levelid":309,
    "width":9,
    "height":9,
    "targetCountTotal":145,
    "chips":[
 {"chip":{"x":13,"y":15,"z":1,"id":55}}, {"chip":{"x":15,"y":15,"z":2,"id":52}}, {"chip":{"x":11,"y":11,"z":4,"id":52}}, {"chip":{"x":11,"y":11,"z":1,"id":1}}, {"chip":{"x":11,"y":13,"z":1,"id":1}}, {"chip":{"x":11,"y":15,"z":1,"id":1}}, {"chip":{"x":11,"y":17,"z":1,"id":1}}, {"chip":{"x":13,"y":13,"z":1,"id":1}}, {"chip":{"x":13,"y":17,"z":1,"id":1}}, {"chip":{"x":15,"y":15,"z":1,"id":1}}, {"chip":{"x":15,"y":17,"z":1,"id":1}}, {"chip":{"x":17,"y":17,"z":1,"id":1}}, {"chip":{"x":11,"y":11,"z":2,"id":1}}, {"chip":{"x":11,"y":13,"z":2,"id":1}}, {"chip":{"x":11,"y":15,"z":2,"id":1}}, {"chip":{"x":11,"y":17,"z":2,"id":1}}, {"chip":{"x":13,"y":13,"z":2,"id":1}}, {"chip":{"x":13,"y":15,"z":2,"id":1}}, {"chip":{"x":13,"y":17,"z":2,"id":1}}, {"chip":{"x":15,"y":17,"z":2,"id":1}}, {"chip":{"x":17,"y":17,"z":2,"id":1}}, {"chip":{"x":11,"y":11,"z":3,"id":1}}, {"chip":{"x":11,"y":13,"z":3,"id":1}}, {"chip":{"x":11,"y":15,"z":3,"id":1}}, {"chip":{"x":11,"y":17,"z":3,"id":1}}, {"chip":{"x":13,"y":13,"z":3,"id":1}}, {"chip":{"x":13,"y":15,"z":3,"id":1}}, {"chip":{"x":13,"y":17,"z":3,"id":1}}, {"chip":{"x":15,"y":15,"z":3,"id":1}}, {"chip":{"x":15,"y":17,"z":3,"id":1}}, {"chip":{"x":17,"y":17,"z":3,"id":1}}, {"chip":{"x":11,"y":13,"z":4,"id":1}}, {"chip":{"x":11,"y":15,"z":4,"id":1}}, {"chip":{"x":11,"y":17,"z":4,"id":1}}, {"chip":{"x":13,"y":13,"z":4,"id":1}}, {"chip":{"x":13,"y":15,"z":4,"id":1}}, {"chip":{"x":13,"y":17,"z":4,"id":1}}, {"chip":{"x":15,"y":15,"z":4,"id":1}}, {"chip":{"x":15,"y":17,"z":4,"id":1}}, {"chip":{"x":17,"y":17,"z":4,"id":1}}, {"chip":{"x":11,"y":13,"z":5,"id":1}}, {"chip":{"x":11,"y":15,"z":5,"id":1}}, {"chip":{"x":11,"y":17,"z":5,"id":1}}, {"chip":{"x":1,"y":17,"z":1,"id":55}}, {"chip":{"x":3,"y":11,"z":1,"id":55}}, {"chip":{"x":3,"y":15,"z":1,"id":55}}, {"chip":{"x":7,"y":15,"z":1,"id":55}}, {"chip":{"x":1,"y":11,"z":2,"id":54}}, {"chip":{"x":1,"y":13,"z":2,"id":54}}, {"chip":{"x":3,"y":11,"z":2,"id":54}}, {"chip":{"x":3,"y":13,"z":2,"id":54}}, {"chip":{"x":5,"y":15,"z":2,"id":54}}, {"chip":{"x":5,"y":17,"z":2,"id":54}}, {"chip":{"x":7,"y":15,"z":2,"id":54}}, {"chip":{"x":7,"y":17,"z":2,"id":54}}, {"chip":{"x":9,"y":15,"z":2,"id":54}}, {"chip":{"x":9,"y":17,"z":2,"id":54}}, {"chip":{"x":13,"y":1,"z":1,"id":56}}, {"chip":{"x":1,"y":11,"z":1,"id":1}}, {"chip":{"x":1,"y":13,"z":1,"id":1}}, {"chip":{"x":1,"y":15,"z":1,"id":1}}, {"chip":{"x":3,"y":13,"z":1,"id":1}}, {"chip":{"x":3,"y":17,"z":1,"id":1}}, {"chip":{"x":5,"y":15,"z":1,"id":1}}, {"chip":{"x":5,"y":17,"z":1,"id":1}}, {"chip":{"x":7,"y":17,"z":1,"id":1}}, {"chip":{"x":9,"y":11,"z":1,"id":1}}, {"chip":{"x":9,"y":15,"z":1,"id":1}}, {"chip":{"x":9,"y":17,"z":1,"id":1}}, {"chip":{"x":1,"y":15,"z":2,"id":1}}, {"chip":{"x":1,"y":17,"z":2,"id":1}}, {"chip":{"x":3,"y":15,"z":2,"id":1}}, {"chip":{"x":3,"y":17,"z":2,"id":1}}, {"chip":{"x":9,"y":11,"z":2,"id":1}}, {"chip":{"x":1,"y":15,"z":3,"id":1}}, {"chip":{"x":1,"y":17,"z":3,"id":1}}, {"chip":{"x":3,"y":15,"z":3,"id":1}}, {"chip":{"x":3,"y":17,"z":3,"id":1}}, {"chip":{"x":9,"y":11,"z":3,"id":1}}, {"chip":{"x":1,"y":15,"z":4,"id":1}}, {"chip":{"x":1,"y":17,"z":4,"id":1}}, {"chip":{"x":3,"y":15,"z":4,"id":1}}, {"chip":{"x":3,"y":17,"z":4,"id":1}}, {"chip":{"x":9,"y":11,"z":4,"id":1}}, {"chip":{"x":1,"y":15,"z":5,"id":1}}, {"chip":{"x":1,"y":17,"z":5,"id":1}}, {"chip":{"x":3,"y":15,"z":5,"id":1}}, {"chip":{"x":3,"y":17,"z":5,"id":1}}, {"chip":{"x":9,"y":11,"z":5,"id":1}}, {"chip":{"x":3,"y":5,"z":1,"id":55}}, {"chip":{"x":1,"y":9,"z":2,"id":54}}, {"chip":{"x":3,"y":9,"z":2,"id":54}}, {"chip":{"x":5,"y":5,"z":2,"id":52}}, {"chip":{"x":9,"y":9,"z":2,"id":55}}, {"chip":{"x":7,"y":7,"z":4,"id":52}}, {"chip":{"x":1,"y":1,"z":1,"id":1}}, {"chip":{"x":1,"y":3,"z":1,"id":1}}, {"chip":{"x":1,"y":5,"z":1,"id":1}}, {"chip":{"x":1,"y":7,"z":1,"id":1}}, {"chip":{"x":1,"y":9,"z":1,"id":1}}, {"chip":{"x":3,"y":3,"z":1,"id":1}}, {"chip":{"x":3,"y":7,"z":1,"id":1}}, {"chip":{"x":3,"y":9,"z":1,"id":1}}, {"chip":{"x":5,"y":5,"z":1,"id":1}}, {"chip":{"x":5,"y":7,"z":1,"id":1}}, {"chip":{"x":7,"y":7,"z":1,"id":1}}, {"chip":{"x":7,"y":9,"z":1,"id":1}}, {"chip":{"x":9,"y":9,"z":1,"id":1}}, {"chip":{"x":1,"y":1,"z":2,"id":1}}, {"chip":{"x":1,"y":3,"z":2,"id":1}}, {"chip":{"x":1,"y":5,"z":2,"id":1}}, {"chip":{"x":1,"y":7,"z":2,"id":1}}, {"chip":{"x":3,"y":3,"z":2,"id":1}}, {"chip":{"x":3,"y":5,"z":2,"id":1}}, {"chip":{"x":3,"y":7,"z":2,"id":1}}, {"chip":{"x":5,"y":7,"z":2,"id":1}}, {"chip":{"x":7,"y":7,"z":2,"id":1}}, {"chip":{"x":7,"y":9,"z":2,"id":1}}, {"chip":{"x":1,"y":1,"z":3,"id":1}}, {"chip":{"x":1,"y":3,"z":3,"id":1}}, {"chip":{"x":1,"y":5,"z":3,"id":1}}, {"chip":{"x":1,"y":7,"z":3,"id":1}}, {"chip":{"x":3,"y":3,"z":3,"id":1}}, {"chip":{"x":3,"y":5,"z":3,"id":1}}, {"chip":{"x":3,"y":7,"z":3,"id":1}}, {"chip":{"x":5,"y":5,"z":3,"id":1}}, {"chip":{"x":5,"y":7,"z":3,"id":1}}, {"chip":{"x":7,"y":7,"z":3,"id":1}}, {"chip":{"x":7,"y":9,"z":3,"id":1}}, {"chip":{"x":9,"y":9,"z":3,"id":1}}, {"chip":{"x":1,"y":1,"z":4,"id":1}}, {"chip":{"x":1,"y":3,"z":4,"id":1}}, {"chip":{"x":1,"y":5,"z":4,"id":1}}, {"chip":{"x":1,"y":7,"z":4,"id":1}}, {"chip":{"x":3,"y":3,"z":4,"id":1}}, {"chip":{"x":3,"y":5,"z":4,"id":1}}, {"chip":{"x":3,"y":7,"z":4,"id":1}}, {"chip":{"x":5,"y":5,"z":4,"id":1}}, {"chip":{"x":5,"y":7,"z":4,"id":1}}, {"chip":{"x":7,"y":9,"z":4,"id":1}}, {"chip":{"x":9,"y":9,"z":4,"id":1}}, {"chip":{"x":1,"y":7,"z":5,"id":1}}, {"chip":{"x":3,"y":7,"z":5,"id":1}}, {"chip":{"x":5,"y":7,"z":5,"id":1}}, {"chip":{"x":7,"y":9,"z":5,"id":1}}
    ]
}