{
    "levelid":518,
    "width":9,
    "height":9,
    "targetCountTotal":144,
    "chips":[
 {"chip":{"x":11,"y":11,"z":1,"id":1}},
 {"chip":{"x":11,"y":13,"z":1,"id":1}},
 {"chip":{"x":11,"y":15,"z":1,"id":1}},
 {"chip":{"x":11,"y":17,"z":1,"id":1}},
 {"chip":{"x":13,"y":11,"z":1,"id":1}},
 {"chip":{"x":13,"y":13,"z":1,"id":1}},
 {"chip":{"x":13,"y":15,"z":1,"id":1}},
 {"chip":{"x":13,"y":17,"z":1,"id":1}},
 {"chip":{"x":15,"y":11,"z":1,"id":1}},
 {"chip":{"x":17,"y":13,"z":1,"id":1}},
 {"chip":{"x":17,"y":15,"z":1,"id":1}},
 {"chip":{"x":17,"y":17,"z":1,"id":1}},
 {"chip":{"x":11,"y":13,"z":2,"id":1}},
 {"chip":{"x":11,"y":15,"z":2,"id":1}},
 {"chip":{"x":11,"y":17,"z":2,"id":1}},
 {"chip":{"x":13,"y":11,"z":2,"id":1}},
 {"chip":{"x":13,"y":13,"z":2,"id":1}},
 {"chip":{"x":13,"y":15,"z":2,"id":1}},
 {"chip":{"x":15,"y":11,"z":2,"id":1}},
 {"chip":{"x":17,"y":14,"z":2,"id":1}},
 {"chip":{"x":17,"y":16,"z":2,"id":1}},
 {"chip":{"x":11,"y":13,"z":3,"id":1}},
 {"chip":{"x":11,"y":15,"z":3,"id":1}},
 {"chip":{"x":11,"y":17,"z":3,"id":1}},
 {"chip":{"x":13,"y":13,"z":3,"id":1}},
 {"chip":{"x":13,"y":15,"z":3,"id":1}},
 {"chip":{"x":17,"y":15,"z":3,"id":1}},
 {"chip":{"x":1,"y":11,"z":1,"id":1}},
 {"chip":{"x":1,"y":13,"z":1,"id":1}},
 {"chip":{"x":1,"y":17,"z":1,"id":1}},
 {"chip":{"x":3,"y":11,"z":1,"id":1}},
 {"chip":{"x":3,"y":13,"z":1,"id":1}},
 {"chip":{"x":3,"y":17,"z":1,"id":1}},
 {"chip":{"x":5,"y":11,"z":1,"id":1}},
 {"chip":{"x":5,"y":13,"z":1,"id":1}},
 {"chip":{"x":5,"y":17,"z":1,"id":1}},
 {"chip":{"x":7,"y":11,"z":1,"id":1}},
 {"chip":{"x":7,"y":13,"z":1,"id":1}},
 {"chip":{"x":7,"y":15,"z":1,"id":1}},
 {"chip":{"x":9,"y":11,"z":1,"id":1}},
 {"chip":{"x":9,"y":13,"z":1,"id":1}},
 {"chip":{"x":9,"y":15,"z":1,"id":1}},
 {"chip":{"x":9,"y":17,"z":1,"id":1}},
 {"chip":{"x":11,"y":3,"z":1,"id":1}},
 {"chip":{"x":11,"y":5,"z":1,"id":1}},
 {"chip":{"x":11,"y":7,"z":1,"id":1}},
 {"chip":{"x":11,"y":9,"z":1,"id":1}},
 {"chip":{"x":13,"y":1,"z":1,"id":1}},
 {"chip":{"x":13,"y":5,"z":1,"id":1}},
 {"chip":{"x":13,"y":7,"z":1,"id":1}},
 {"chip":{"x":13,"y":9,"z":1,"id":1}},
 {"chip":{"x":15,"y":1,"z":1,"id":1}},
 {"chip":{"x":15,"y":5,"z":1,"id":1}},
 {"chip":{"x":15,"y":7,"z":1,"id":1}},
 {"chip":{"x":15,"y":9,"z":1,"id":1}},
 {"chip":{"x":17,"y":1,"z":1,"id":1}},
 {"chip":{"x":17,"y":5,"z":1,"id":1}},
 {"chip":{"x":17,"y":7,"z":1,"id":1}},
 {"chip":{"x":17,"y":9,"z":1,"id":1}},
 {"chip":{"x":1,"y":11,"z":2,"id":1}},
 {"chip":{"x":2,"y":17,"z":2,"id":1}},
 {"chip":{"x":3,"y":11,"z":2,"id":1}},
 {"chip":{"x":3,"y":13,"z":2,"id":1}},
 {"chip":{"x":4,"y":17,"z":2,"id":1}},
 {"chip":{"x":5,"y":11,"z":2,"id":1}},
 {"chip":{"x":5,"y":13,"z":2,"id":1}},
 {"chip":{"x":7,"y":13,"z":2,"id":1}},
 {"chip":{"x":7,"y":15,"z":2,"id":1}},
 {"chip":{"x":9,"y":13,"z":2,"id":1}},
 {"chip":{"x":9,"y":15,"z":2,"id":1}},
 {"chip":{"x":9,"y":17,"z":2,"id":1}},
 {"chip":{"x":11,"y":3,"z":2,"id":1}},
 {"chip":{"x":11,"y":5,"z":2,"id":1}},
 {"chip":{"x":13,"y":5,"z":2,"id":1}},
 {"chip":{"x":13,"y":7,"z":2,"id":1}},
 {"chip":{"x":13,"y":9,"z":2,"id":1}},
 {"chip":{"x":14,"y":1,"z":2,"id":1}},
 {"chip":{"x":15,"y":5,"z":2,"id":1}},
 {"chip":{"x":15,"y":7,"z":2,"id":1}},
 {"chip":{"x":15,"y":9,"z":2,"id":1}},
 {"chip":{"x":16,"y":1,"z":2,"id":1}},
 {"chip":{"x":17,"y":7,"z":2,"id":1}},
 {"chip":{"x":17,"y":9,"z":2,"id":1}},
 {"chip":{"x":1,"y":11,"z":3,"id":1}},
 {"chip":{"x":3,"y":11,"z":3,"id":1}},
 {"chip":{"x":3,"y":13,"z":3,"id":1}},
 {"chip":{"x":3,"y":17,"z":3,"id":1}},
 {"chip":{"x":5,"y":11,"z":3,"id":1}},
 {"chip":{"x":5,"y":13,"z":3,"id":1}},
 {"chip":{"x":9,"y":13,"z":3,"id":1}},
 {"chip":{"x":9,"y":15,"z":3,"id":1}},
 {"chip":{"x":13,"y":5,"z":3,"id":1}},
 {"chip":{"x":13,"y":7,"z":3,"id":1}},
 {"chip":{"x":13,"y":9,"z":3,"id":1}},
 {"chip":{"x":15,"y":1,"z":3,"id":1}},
 {"chip":{"x":15,"y":5,"z":3,"id":1}},
 {"chip":{"x":15,"y":7,"z":3,"id":1}},
 {"chip":{"x":15,"y":9,"z":3,"id":1}},
 {"chip":{"x":17,"y":7,"z":3,"id":1}},
 {"chip":{"x":1,"y":1,"z":1,"id":1}},
 {"chip":{"x":1,"y":3,"z":1,"id":1}},
 {"chip":{"x":1,"y":5,"z":1,"id":1}},
 {"chip":{"x":1,"y":9,"z":1,"id":1}},
 {"chip":{"x":3,"y":7,"z":1,"id":1}},
 {"chip":{"x":3,"y":9,"z":1,"id":1}},
 {"chip":{"x":5,"y":1,"z":1,"id":1}},
 {"chip":{"x":5,"y":3,"z":1,"id":1}},
 {"chip":{"x":5,"y":5,"z":1,"id":1}},
 {"chip":{"x":5,"y":7,"z":1,"id":1}},
 {"chip":{"x":5,"y":9,"z":1,"id":1}},
 {"chip":{"x":7,"y":1,"z":1,"id":1}},
 {"chip":{"x":7,"y":3,"z":1,"id":1}},
 {"chip":{"x":7,"y":5,"z":1,"id":1}},
 {"chip":{"x":7,"y":7,"z":1,"id":1}},
 {"chip":{"x":7,"y":9,"z":1,"id":1}},
 {"chip":{"x":9,"y":1,"z":1,"id":1}},
 {"chip":{"x":9,"y":3,"z":1,"id":1}},
 {"chip":{"x":9,"y":5,"z":1,"id":1}},
 {"chip":{"x":9,"y":7,"z":1,"id":1}},
 {"chip":{"x":1,"y":2,"z":2,"id":1}},
 {"chip":{"x":1,"y":4,"z":2,"id":1}},
 {"chip":{"x":1,"y":9,"z":2,"id":1}},
 {"chip":{"x":3,"y":7,"z":2,"id":1}},
 {"chip":{"x":3,"y":9,"z":2,"id":1}},
 {"chip":{"x":5,"y":3,"z":2,"id":1}},
 {"chip":{"x":5,"y":5,"z":2,"id":1}},
 {"chip":{"x":5,"y":7,"z":2,"id":1}},
 {"chip":{"x":5,"y":9,"z":2,"id":1}},
 {"chip":{"x":7,"y":1,"z":2,"id":1}},
 {"chip":{"x":7,"y":3,"z":2,"id":1}},
 {"chip":{"x":7,"y":5,"z":2,"id":1}},
 {"chip":{"x":9,"y":1,"z":2,"id":1}},
 {"chip":{"x":9,"y":3,"z":2,"id":1}},
 {"chip":{"x":9,"y":5,"z":2,"id":1}},
 {"chip":{"x":1,"y":3,"z":3,"id":1}},
 {"chip":{"x":3,"y":9,"z":3,"id":1}},
 {"chip":{"x":5,"y":3,"z":3,"id":1}},
 {"chip":{"x":5,"y":5,"z":3,"id":1}},
 {"chip":{"x":5,"y":9,"z":3,"id":1}},
 {"chip":{"x":7,"y":1,"z":3,"id":1}},
 {"chip":{"x":7,"y":3,"z":3,"id":1}},
 {"chip":{"x":7,"y":5,"z":3,"id":1}},
 {"chip":{"x":9,"y":3,"z":3,"id":1}},
 {"chip":{"x":9,"y":5,"z":3,"id":1}}
    ]
}
