{
	"levelid":381,
    "width":9,
    "height":9,
    "targetCountTotal":148,
    "chips":[
 {"chip":{"x":10,"y":11,"z":2,"id":54}}, {"chip":{"x":10,"y":13,"z":2,"id":54}}, {"chip":{"x":10,"y":11,"z":4,"id":54}}, {"chip":{"x":10,"y":13,"z":4,"id":54}}, {"chip":{"x":16,"y":13,"z":1,"id":58}}, {"chip":{"x":12,"y":13,"z":1,"id":1}}, {"chip":{"x":10,"y":11,"z":1,"id":1}}, {"chip":{"x":10,"y":13,"z":1,"id":1}}, {"chip":{"x":10,"y":15,"z":1,"id":1}}, {"chip":{"x":12,"y":11,"z":1,"id":1}}, {"chip":{"x":12,"y":15,"z":1,"id":1}}, {"chip":{"x":14,"y":12,"z":1,"id":1}}, {"chip":{"x":14,"y":14,"z":1,"id":1}}, {"chip":{"x":10,"y":15,"z":2,"id":1}}, {"chip":{"x":12,"y":11,"z":2,"id":1}}, {"chip":{"x":12,"y":13,"z":2,"id":1}}, {"chip":{"x":12,"y":15,"z":2,"id":1}}, {"chip":{"x":14,"y":12,"z":2,"id":1}}, {"chip":{"x":14,"y":14,"z":2,"id":1}}, {"chip":{"x":10,"y":11,"z":3,"id":1}}, {"chip":{"x":10,"y":13,"z":3,"id":1}}, {"chip":{"x":10,"y":15,"z":3,"id":1}}, {"chip":{"x":12,"y":11,"z":3,"id":1}}, {"chip":{"x":12,"y":13,"z":3,"id":1}}, {"chip":{"x":12,"y":15,"z":3,"id":1}}, {"chip":{"x":14,"y":12,"z":3,"id":1}}, {"chip":{"x":14,"y":14,"z":3,"id":1}}, {"chip":{"x":10,"y":15,"z":4,"id":1}}, {"chip":{"x":12,"y":11,"z":4,"id":1}}, {"chip":{"x":12,"y":13,"z":4,"id":1}}, {"chip":{"x":12,"y":15,"z":4,"id":1}}, {"chip":{"x":14,"y":12,"z":4,"id":1}}, {"chip":{"x":14,"y":14,"z":4,"id":1}}, {"chip":{"x":8,"y":11,"z":2,"id":54}}, {"chip":{"x":8,"y":13,"z":2,"id":54}}, {"chip":{"x":9,"y":17,"z":2,"id":51}}, {"chip":{"x":10,"y":5,"z":2,"id":54}}, {"chip":{"x":10,"y":7,"z":2,"id":54}}, {"chip":{"x":10,"y":9,"z":2,"id":54}}, {"chip":{"x":8,"y":11,"z":4,"id":54}}, {"chip":{"x":8,"y":13,"z":4,"id":54}}, {"chip":{"x":10,"y":5,"z":4,"id":54}}, {"chip":{"x":10,"y":7,"z":4,"id":54}}, {"chip":{"x":10,"y":9,"z":4,"id":54}}, {"chip":{"x":2,"y":13,"z":1,"id":57}}, {"chip":{"x":16,"y":6,"z":1,"id":58}}, {"chip":{"x":6,"y":13,"z":1,"id":1}}, {"chip":{"x":10,"y":5,"z":1,"id":1}}, {"chip":{"x":10,"y":7,"z":1,"id":1}}, {"chip":{"x":12,"y":6,"z":1,"id":1}}, {"chip":{"x":4,"y":12,"z":1,"id":1}}, {"chip":{"x":4,"y":14,"z":1,"id":1}}, {"chip":{"x":6,"y":11,"z":1,"id":1}}, {"chip":{"x":6,"y":15,"z":1,"id":1}}, {"chip":{"x":8,"y":11,"z":1,"id":1}}, {"chip":{"x":8,"y":13,"z":1,"id":1}}, {"chip":{"x":8,"y":15,"z":1,"id":1}}, {"chip":{"x":9,"y":17,"z":1,"id":1}}, {"chip":{"x":10,"y":3,"z":1,"id":1}}, {"chip":{"x":10,"y":9,"z":1,"id":1}}, {"chip":{"x":12,"y":4,"z":1,"id":1}}, {"chip":{"x":12,"y":8,"z":1,"id":1}}, {"chip":{"x":14,"y":5,"z":1,"id":1}}, {"chip":{"x":14,"y":7,"z":1,"id":1}}, {"chip":{"x":4,"y":12,"z":2,"id":1}}, {"chip":{"x":4,"y":14,"z":2,"id":1}}, {"chip":{"x":6,"y":11,"z":2,"id":1}}, {"chip":{"x":6,"y":13,"z":2,"id":1}}, {"chip":{"x":6,"y":15,"z":2,"id":1}}, {"chip":{"x":8,"y":15,"z":2,"id":1}}, {"chip":{"x":10,"y":3,"z":2,"id":1}}, {"chip":{"x":12,"y":4,"z":2,"id":1}}, {"chip":{"x":12,"y":6,"z":2,"id":1}}, {"chip":{"x":12,"y":8,"z":2,"id":1}}, {"chip":{"x":14,"y":5,"z":2,"id":1}}, {"chip":{"x":14,"y":7,"z":2,"id":1}}, {"chip":{"x":4,"y":12,"z":3,"id":1}}, {"chip":{"x":4,"y":14,"z":3,"id":1}}, {"chip":{"x":6,"y":11,"z":3,"id":1}}, {"chip":{"x":6,"y":13,"z":3,"id":1}}, {"chip":{"x":6,"y":15,"z":3,"id":1}}, {"chip":{"x":8,"y":11,"z":3,"id":1}}, {"chip":{"x":8,"y":13,"z":3,"id":1}}, {"chip":{"x":8,"y":15,"z":3,"id":1}}, {"chip":{"x":9,"y":17,"z":3,"id":1}}, {"chip":{"x":10,"y":3,"z":3,"id":1}}, {"chip":{"x":10,"y":5,"z":3,"id":1}}, {"chip":{"x":10,"y":7,"z":3,"id":1}}, {"chip":{"x":10,"y":9,"z":3,"id":1}}, {"chip":{"x":12,"y":4,"z":3,"id":1}}, {"chip":{"x":12,"y":6,"z":3,"id":1}}, {"chip":{"x":12,"y":8,"z":3,"id":1}}, {"chip":{"x":14,"y":5,"z":3,"id":1}}, {"chip":{"x":14,"y":7,"z":3,"id":1}}, {"chip":{"x":4,"y":12,"z":4,"id":1}}, {"chip":{"x":4,"y":14,"z":4,"id":1}}, {"chip":{"x":6,"y":11,"z":4,"id":1}}, {"chip":{"x":6,"y":13,"z":4,"id":1}}, {"chip":{"x":6,"y":15,"z":4,"id":1}}, {"chip":{"x":8,"y":15,"z":4,"id":1}}, {"chip":{"x":9,"y":17,"z":4,"id":1}}, {"chip":{"x":10,"y":3,"z":4,"id":1}}, {"chip":{"x":12,"y":4,"z":4,"id":1}}, {"chip":{"x":12,"y":6,"z":4,"id":1}}, {"chip":{"x":12,"y":8,"z":4,"id":1}}, {"chip":{"x":14,"y":5,"z":4,"id":1}}, {"chip":{"x":14,"y":7,"z":4,"id":1}}, {"chip":{"x":8,"y":5,"z":2,"id":54}}, {"chip":{"x":8,"y":7,"z":2,"id":54}}, {"chip":{"x":8,"y":9,"z":2,"id":54}}, {"chip":{"x":9,"y":1,"z":2,"id":51}}, {"chip":{"x":8,"y":5,"z":4,"id":54}}, {"chip":{"x":8,"y":7,"z":4,"id":54}}, {"chip":{"x":8,"y":9,"z":4,"id":54}}, {"chip":{"x":2,"y":6,"z":1,"id":57}}, {"chip":{"x":6,"y":6,"z":1,"id":1}}, {"chip":{"x":8,"y":5,"z":1,"id":1}}, {"chip":{"x":8,"y":7,"z":1,"id":1}}, {"chip":{"x":4,"y":5,"z":1,"id":1}}, {"chip":{"x":4,"y":7,"z":1,"id":1}}, {"chip":{"x":6,"y":4,"z":1,"id":1}}, {"chip":{"x":6,"y":8,"z":1,"id":1}}, {"chip":{"x":8,"y":3,"z":1,"id":1}}, {"chip":{"x":8,"y":9,"z":1,"id":1}}, {"chip":{"x":9,"y":1,"z":1,"id":1}}, {"chip":{"x":4,"y":5,"z":2,"id":1}}, {"chip":{"x":4,"y":7,"z":2,"id":1}}, {"chip":{"x":6,"y":4,"z":2,"id":1}}, {"chip":{"x":6,"y":6,"z":2,"id":1}}, {"chip":{"x":6,"y":8,"z":2,"id":1}}, {"chip":{"x":8,"y":3,"z":2,"id":1}}, {"chip":{"x":4,"y":5,"z":3,"id":1}}, {"chip":{"x":4,"y":7,"z":3,"id":1}}, {"chip":{"x":6,"y":4,"z":3,"id":1}}, {"chip":{"x":6,"y":6,"z":3,"id":1}}, {"chip":{"x":6,"y":8,"z":3,"id":1}}, {"chip":{"x":8,"y":3,"z":3,"id":1}}, {"chip":{"x":8,"y":5,"z":3,"id":1}}, {"chip":{"x":8,"y":7,"z":3,"id":1}}, {"chip":{"x":8,"y":9,"z":3,"id":1}}, {"chip":{"x":9,"y":1,"z":3,"id":1}}, {"chip":{"x":4,"y":5,"z":4,"id":1}}, {"chip":{"x":4,"y":7,"z":4,"id":1}}, {"chip":{"x":6,"y":4,"z":4,"id":1}}, {"chip":{"x":6,"y":6,"z":4,"id":1}}, {"chip":{"x":6,"y":8,"z":4,"id":1}}, {"chip":{"x":8,"y":3,"z":4,"id":1}}, {"chip":{"x":9,"y":1,"z":4,"id":1}}
    ]
}